{
	"credit": "Made with Blockbench",
	"textures": {
		"1": "custom/bk-yl",
		"particle": "custom/texture32"
	},
	"elements": [
		{
			"from": [3, 4, 0],
			"to": [17, 5, 18],
			"rotation": {"angle": 0, "axis": "y", "origin": [0, 5, 0]},
			"faces": {
				"north": {"uv": [0, 0, 14, 1], "texture": "#1"},
				"east": {"uv": [0, 0, 16, 1], "texture": "#1"},
				"south": {"uv": [0, 0, 14, 1], "texture": "#1"},
				"west": {"uv": [0, 0, 16, 1], "texture": "#1"},
				"up": {"uv": [7, 9, 9, 12], "texture": "#1"},
				"down": {"uv": [4, 5, 8, 7], "texture": "#1"}
			}
		},
		{
			"from": [5, 5, 4],
			"to": [15, 11, 13],
			"faces": {
				"north": {"uv": [0, 0, 10, 6], "texture": "#1"},
				"east": {"uv": [4, 4, 7, 8], "texture": "#1"},
				"south": {"uv": [3, 6, 8, 9], "texture": "#1"},
				"west": {"uv": [3, 3, 7, 7], "texture": "#1"},
				"up": {"uv": [4, 4, 7, 7], "texture": "#1"},
				"down": {"uv": [0, 0, 10, 9], "texture": "#missing"}
			}
		}
	],
	"display": {
		"thirdperson_righthand": {
			"translation": [-1, 1.5, 0],
			"scale": [0.48047, 1, 0.46484]
		},
		"thirdperson_lefthand": {
			"translation": [1, 0, 0],
			"scale": [0.4707, 1, 0.36523]
		},
		"gui": {
			"rotation": [85, 0, 0],
			"scale": [1, 0.99414, 1]
		},
		"head": {
			"translation": [-2, 10, 0],
			"scale": [1.10938, 1, 1]
		},
		"fixed": {
			"rotation": [-89, 0, 0],
			"translation": [0, 0, -4.5]
		}
	}
}