{
	"parent": "item/generated",
	"textures": {
		"layer0": "item/netherite_shovel"
	},
	
	"overrides": [
		{"predicate": {"custom_model_data":1}, "model": "katana/1"},
		{"predicate": {"custom_model_data":2}, "model": "katana/2"},
		{"predicate": {"custom_model_data":3}, "model": "katana/3"},
		{"predicate": {"custom_model_data":4}, "model": "katana/4"},
		{"predicate": {"custom_model_data":5}, "model": "katana/5"},
		{"predicate": {"custom_model_data":6}, "model": "katana/6"},
		{"predicate": {"custom_model_data":7}, "model": "katana/7"},
		{"predicate": {"custom_model_data":8}, "model": "katana/8"},
		{"predicate": {"custom_model_data":9}, "model": "katana/9"},
		{"predicate": {"custom_model_data":10}, "model": "katana/10"},
		{"predicate": {"custom_model_data":11}, "model": "knife/1"},
		{"predicate": {"custom_model_data":12}, "model": "knife/2"},
		{"predicate": {"custom_model_data":13}, "model": "knife/3"},
		{"predicate": {"custom_model_data":14}, "model": "knife/4"},
		{"predicate": {"custom_model_data":15}, "model": "knife/5"},
		{"predicate": {"custom_model_data":16}, "model": "knife/6"},
		{"predicate": {"custom_model_data":17}, "model": "knife/7"},
		{"predicate": {"custom_model_data":18}, "model": "knife/8"},
		{"predicate": {"custom_model_data":19}, "model": "knife/9"},
		{"predicate": {"custom_model_data":20}, "model": "knife/10"},
		{"predicate": {"custom_model_data":21}, "model": "ls/1"},
		{"predicate": {"custom_model_data":22}, "model": "ls/2"},
		{"predicate": {"custom_model_data":23}, "model": "ls/3"},
		{"predicate": {"custom_model_data":24}, "model": "ls/4"},
		{"predicate": {"custom_model_data":25}, "model": "ls/5"},
		{"predicate": {"custom_model_data":26}, "model": "ls/6"},
		{"predicate": {"custom_model_data":27}, "model": "ls/7"},
		{"predicate": {"custom_model_data":28}, "model": "ls/8"},
		{"predicate": {"custom_model_data":29}, "model": "ls/9"},
		{"predicate": {"custom_model_data":30}, "model": "ls/10"},
		{"predicate": {"custom_model_data":31}, "model": "sp/blacksd"},
		{"predicate": {"custom_model_data":32}, "model": "sp/excalibur"},
		{"predicate": {"custom_model_data":33}, "model": "sp/excalibur2"},
		{"predicate": {"custom_model_data":34}, "model": "sp/miku"},
		{"predicate": {"custom_model_data":35}, "model": "sp/noobgun1"},
		{"predicate": {"custom_model_data":36}, "model": "sp/noobgun2"},
		{"predicate": {"custom_model_data":37}, "model": "sp/saoblack"},
		{"predicate": {"custom_model_data":38}, "model": "sp/saowhite"},
		{"predicate": {"custom_model_data":39}, "model": "sp/somini"}
	]
}