{
	"credit": "Made with Blockbench",
	"textures": {
		"0": "item/1/1-2",
		"1": "item/1/1-1"
	},
	"elements": [
		{
			"name": "Cube",
			"from": [7.6, -3.6, 7.8],
			"to": [8.4, -0.6, 8.1],
			"faces": {
				"north": {"uv": [0, 0, 0.8, 3], "texture": "#0"},
				"east": {"uv": [0, 0, 0.3, 3], "texture": "#0"},
				"south": {"uv": [0, 0, 0.8, 3], "texture": "#0"},
				"west": {"uv": [0, 0, 0.3, 3], "texture": "#0"},
				"up": {"uv": [0, 0, 0.8, 0.3], "texture": "#0"},
				"down": {"uv": [0, 0, 0.8, 0.3], "texture": "#0"}
			}
		},
		{
			"name": "Cube",
			"from": [7.7, -3.6, 7.7],
			"to": [8.3, -0.6, 8.2],
			"faces": {
				"north": {"uv": [0, 0, 0.6, 3], "texture": "#0"},
				"east": {"uv": [0, 0, 0.5, 3], "texture": "#0"},
				"south": {"uv": [0, 0, 0.6, 3], "texture": "#0"},
				"west": {"uv": [0, 0, 0.5, 3], "texture": "#0"},
				"up": {"uv": [0, 0, 0.6, 0.5], "texture": "#0"},
				"down": {"uv": [0, 0, 0.6, 0.5], "texture": "#0"}
			}
		},
		{
			"name": "Cube",
			"from": [7.8, -3.6, 7.6],
			"to": [8.2, -0.6, 8.3],
			"faces": {
				"north": {"uv": [0, 0, 0.4, 3], "texture": "#0"},
				"east": {"uv": [0, 0, 0.7, 3], "texture": "#0"},
				"south": {"uv": [0, 0, 0.4, 3], "texture": "#0"},
				"west": {"uv": [0, 0, 0.7, 3], "texture": "#0"},
				"up": {"uv": [0, 0, 0.4, 0.7], "texture": "#0"},
				"down": {"uv": [0, 0, 0.4, 0.7], "texture": "#0"}
			}
		},
		{
			"name": "Cube",
			"from": [7.6, -1.1, 7.7],
			"to": [8.4, -0.6, 8.2],
			"faces": {
				"north": {"uv": [0, 0, 0.8, 0.5], "texture": "#0"},
				"east": {"uv": [0, 0, 0.5, 0.5], "texture": "#0"},
				"south": {"uv": [0, 0, 0.8, 0.5], "texture": "#0"},
				"west": {"uv": [0, 0, 0.5, 0.5], "texture": "#0"},
				"up": {"uv": [0, 0, 0.8, 0.5], "texture": "#0"},
				"down": {"uv": [0, 0, 0.8, 0.5], "texture": "#0"}
			}
		},
		{
			"name": "Cube",
			"from": [7.7, -1.1, 7.6],
			"to": [8.3, -0.6, 8.3],
			"faces": {
				"north": {"uv": [0, 0, 0.6, 0.5], "texture": "#0"},
				"east": {"uv": [0, 0, 0.7, 0.5], "texture": "#0"},
				"south": {"uv": [0, 0, 0.6, 0.5], "texture": "#0"},
				"west": {"uv": [0, 0, 0.7, 0.5], "texture": "#0"},
				"up": {"uv": [0, 0, 0.6, 0.7], "texture": "#0"},
				"down": {"uv": [0, 0, 0.6, 0.7], "texture": "#0"}
			}
		},
		{
			"name": "Cube",
			"from": [7.5, -1.1, 7.8],
			"to": [8.5, -0.6, 8.1],
			"faces": {
				"north": {"uv": [0, 0, 1, 0.5], "texture": "#0"},
				"east": {"uv": [0, 0, 0.3, 0.5], "texture": "#0"},
				"south": {"uv": [0, 0, 1, 0.5], "texture": "#0"},
				"west": {"uv": [0, 0, 0.3, 0.5], "texture": "#0"},
				"up": {"uv": [0, 0, 1, 0.3], "texture": "#0"},
				"down": {"uv": [0, 0, 1, 0.3], "texture": "#0"}
			}
		},
		{
			"name": "Cube",
			"from": [7.6, -3.6, 7.7],
			"to": [8.4, -3.1, 8.2],
			"faces": {
				"north": {"uv": [0, 0, 0.8, 0.5], "texture": "#0"},
				"east": {"uv": [0, 0, 0.5, 0.5], "texture": "#0"},
				"south": {"uv": [0, 0, 0.8, 0.5], "texture": "#0"},
				"west": {"uv": [0, 0, 0.5, 0.5], "texture": "#0"},
				"up": {"uv": [0, 0, 0.8, 0.5], "texture": "#0"},
				"down": {"uv": [0, 0, 0.8, 0.5], "texture": "#0"}
			}
		},
		{
			"name": "Cube",
			"from": [7.5, -3.6, 7.8],
			"to": [8.5, -3.1, 8.1],
			"faces": {
				"north": {"uv": [0, 0, 1, 0.5], "texture": "#0"},
				"east": {"uv": [0, 0, 0.3, 0.5], "texture": "#0"},
				"south": {"uv": [0, 0, 1, 0.5], "texture": "#0"},
				"west": {"uv": [0, 0, 0.3, 0.5], "texture": "#0"},
				"up": {"uv": [0, 0, 1, 0.3], "texture": "#0"},
				"down": {"uv": [0, 0, 1, 0.3], "texture": "#0"}
			}
		},
		{
			"name": "Cube",
			"from": [1.7, 1.7, 7.7],
			"to": [2.3, 2.3, 8.2],
			"rotation": {"angle": 45, "axis": "z", "origin": [8, 8, 8]},
			"faces": {
				"north": {"uv": [0, 0, 0.6, 0.6], "texture": "#0"},
				"east": {"uv": [0, 0, 0.7, 0.6], "texture": "#0"},
				"south": {"uv": [0, 0, 0.6, 0.6], "texture": "#0"},
				"west": {"uv": [0, 0, 0.7, 0.6], "texture": "#0"},
				"up": {"uv": [0, 0, 0.6, 0.7], "texture": "#0"},
				"down": {"uv": [0, 0, 0.6, 0.7], "texture": "#0"}
			}
		},
		{
			"name": "Cube",
			"from": [-0.6, -0.6, 7.7],
			"to": [0, 0, 8.2],
			"rotation": {"angle": 45, "axis": "z", "origin": [8, 8, 8]},
			"faces": {
				"north": {"uv": [0, 0, 0.6, 0.6], "texture": "#0"},
				"east": {"uv": [0, 0, 0.7, 0.6], "texture": "#0"},
				"south": {"uv": [0, 0, 0.6, 0.6], "texture": "#0"},
				"west": {"uv": [0, 0, 0.7, 0.6], "texture": "#0"},
				"up": {"uv": [0, 0, 0.6, 0.7], "texture": "#0"},
				"down": {"uv": [0, 0, 0.6, 0.7], "texture": "#0"}
			}
		},
		{
			"name": "handleend",
			"from": [7.8, -4.6, 7.8],
			"to": [8.2, 0.4, 8.1],
			"faces": {
				"north": {"uv": [0, 0, 0.8, 3], "texture": "#0"},
				"east": {"uv": [0, 0, 0.3, 3], "texture": "#0"},
				"south": {"uv": [0, 0, 0.8, 3], "texture": "#0"},
				"west": {"uv": [0, 0, 0.3, 3], "texture": "#0"},
				"up": {"uv": [0, 0, 0.8, 0.3], "texture": "#0"},
				"down": {"uv": [0, 0, 0.8, 0.3], "texture": "#0"}
			}
		},
		{
			"name": "Cube",
			"from": [7.7, -9.6, 7.9],
			"to": [8.3, 4.4, 8],
			"faces": {
				"north": {"uv": [0, 0, 0.8, 3], "texture": "#1"},
				"east": {"uv": [0, 0, 0.3, 3], "texture": "#1"},
				"south": {"uv": [0, 0, 0.8, 3], "texture": "#1"},
				"west": {"uv": [0, 0, 0.3, 3], "texture": "#1"},
				"up": {"uv": [0, 0, 0.8, 0.3], "texture": "#1"},
				"down": {"uv": [0, 0, 0.8, 0.3], "texture": "#1"}
			}
		},
		{
			"name": "Cube",
			"from": [7.7, 3.2, 7.9],
			"to": [8.2, 5.2, 8],
			"faces": {
				"north": {"uv": [0, 0, 0.8, 3], "texture": "#1"},
				"east": {"uv": [0, 0, 0.3, 3], "texture": "#1"},
				"south": {"uv": [0, 0, 0.8, 3], "texture": "#1"},
				"west": {"uv": [0, 0, 0.3, 3], "texture": "#1"},
				"up": {"uv": [0, 0, 0.8, 0.3], "texture": "#1"},
				"down": {"uv": [0, 0, 0.8, 0.3], "texture": "#1"}
			}
		},
		{
			"name": "Cube",
			"from": [7.6, 4.6, 7.9],
			"to": [8.1, 5.6, 8],
			"faces": {
				"north": {"uv": [0, 0, 0.8, 3], "texture": "#1"},
				"east": {"uv": [0, 0, 0.3, 3], "texture": "#1"},
				"south": {"uv": [0, 0, 0.8, 3], "texture": "#1"},
				"west": {"uv": [0, 0, 0.3, 3], "texture": "#1"},
				"up": {"uv": [0, 0, 0.8, 0.3], "texture": "#1"},
				"down": {"uv": [0, 0, 0.8, 0.3], "texture": "#1"}
			}
		},
		{
			"name": "Cube",
			"from": [7.5, 5.1, 7.9],
			"to": [8, 6.1, 8],
			"faces": {
				"north": {"uv": [0, 0, 0.8, 3], "texture": "#1"},
				"east": {"uv": [0, 0, 0.3, 3], "texture": "#1"},
				"south": {"uv": [0, 0, 0.8, 3], "texture": "#1"},
				"west": {"uv": [0, 0, 0.3, 3], "texture": "#1"},
				"up": {"uv": [0, 0, 0.8, 0.3], "texture": "#1"},
				"down": {"uv": [0, 0, 0.8, 0.3], "texture": "#1"}
			}
		},
		{
			"name": "Cube",
			"from": [7.4, 5.5, 7.9],
			"to": [7.9, 6.5, 8],
			"faces": {
				"north": {"uv": [0, 0, 0.8, 3], "texture": "#1"},
				"east": {"uv": [0, 0, 0.3, 3], "texture": "#1"},
				"south": {"uv": [0, 0, 0.8, 3], "texture": "#1"},
				"west": {"uv": [0, 0, 0.3, 3], "texture": "#1"},
				"up": {"uv": [0, 0, 0.8, 0.3], "texture": "#1"},
				"down": {"uv": [0, 0, 0.8, 0.3], "texture": "#1"}
			}
		},
		{
			"name": "Cube",
			"from": [7.3, 6, 7.9],
			"to": [7.8, 7, 8],
			"faces": {
				"north": {"uv": [0, 0, 0.8, 3], "texture": "#1"},
				"east": {"uv": [0, 0, 0.3, 3], "texture": "#1"},
				"south": {"uv": [0, 0, 0.8, 3], "texture": "#1"},
				"west": {"uv": [0, 0, 0.3, 3], "texture": "#1"},
				"up": {"uv": [0, 0, 0.8, 0.3], "texture": "#1"},
				"down": {"uv": [0, 0, 0.8, 0.3], "texture": "#1"}
			}
		},
		{
			"name": "Cube",
			"from": [7.3, 6.1, 7.9],
			"to": [7.7, 7.1, 8],
			"faces": {
				"north": {"uv": [0, 0, 0.8, 3], "texture": "#1"},
				"east": {"uv": [0, 0, 0.3, 3], "texture": "#1"},
				"south": {"uv": [0, 0, 0.8, 3], "texture": "#1"},
				"west": {"uv": [0, 0, 0.3, 3], "texture": "#1"},
				"up": {"uv": [0, 0, 0.8, 0.3], "texture": "#1"},
				"down": {"uv": [0, 0, 0.8, 0.3], "texture": "#1"}
			}
		},
		{
			"name": "Cube",
			"from": [7.3, 6.2, 7.9],
			"to": [7.6, 7.2, 8],
			"faces": {
				"north": {"uv": [0, 0, 0.8, 3], "texture": "#1"},
				"east": {"uv": [0, 0, 0.3, 3], "texture": "#1"},
				"south": {"uv": [0, 0, 0.8, 3], "texture": "#1"},
				"west": {"uv": [0, 0, 0.3, 3], "texture": "#1"},
				"up": {"uv": [0, 0, 0.8, 0.3], "texture": "#1"},
				"down": {"uv": [0, 0, 0.8, 0.3], "texture": "#1"}
			}
		},
		{
			"name": "Cube",
			"from": [7.3, 6.3, 7.9],
			"to": [7.5, 7.3, 8],
			"faces": {
				"north": {"uv": [0, 0, 0.8, 3], "texture": "#1"},
				"east": {"uv": [0, 0, 0.3, 3], "texture": "#1"},
				"south": {"uv": [0, 0, 0.8, 3], "texture": "#1"},
				"west": {"uv": [0, 0, 0.3, 3], "texture": "#1"},
				"up": {"uv": [0, 0, 0.8, 0.3], "texture": "#1"},
				"down": {"uv": [0, 0, 0.8, 0.3], "texture": "#1"}
			}
		},
		{
			"name": "down",
			"from": [7.8, -10.4, 7.9],
			"to": [8.3, -8.4, 8],
			"faces": {
				"north": {"uv": [0, 0, 0.8, 3], "texture": "#1"},
				"east": {"uv": [0, 0, 0.3, 3], "texture": "#1"},
				"south": {"uv": [0, 0, 0.8, 3], "texture": "#1"},
				"west": {"uv": [0, 0, 0.3, 3], "texture": "#1"},
				"up": {"uv": [0, 0, 0.8, 0.3], "texture": "#1"},
				"down": {"uv": [0, 0, 0.8, 0.3], "texture": "#1"}
			}
		},
		{
			"name": "Cube",
			"from": [7.9, -10.9, 7.9],
			"to": [8.4, -9.9, 8],
			"faces": {
				"north": {"uv": [0, 0, 0.8, 3], "texture": "#1"},
				"east": {"uv": [0, 0, 0.3, 3], "texture": "#1"},
				"south": {"uv": [0, 0, 0.8, 3], "texture": "#1"},
				"west": {"uv": [0, 0, 0.3, 3], "texture": "#1"},
				"up": {"uv": [0, 0, 0.8, 0.3], "texture": "#1"},
				"down": {"uv": [0, 0, 0.8, 0.3], "texture": "#1"}
			}
		},
		{
			"name": "Cube",
			"from": [8, -11.3, 7.9],
			"to": [8.5, -10.3, 8],
			"faces": {
				"north": {"uv": [0, 0, 0.8, 3], "texture": "#1"},
				"east": {"uv": [0, 0, 0.3, 3], "texture": "#1"},
				"south": {"uv": [0, 0, 0.8, 3], "texture": "#1"},
				"west": {"uv": [0, 0, 0.3, 3], "texture": "#1"},
				"up": {"uv": [0, 0, 0.8, 0.3], "texture": "#1"},
				"down": {"uv": [0, 0, 0.8, 0.3], "texture": "#1"}
			}
		},
		{
			"name": "Cube",
			"from": [8.1, -11.8, 7.9],
			"to": [8.6, -10.8, 8],
			"faces": {
				"north": {"uv": [0, 0, 0.8, 3], "texture": "#1"},
				"east": {"uv": [0, 0, 0.3, 3], "texture": "#1"},
				"south": {"uv": [0, 0, 0.8, 3], "texture": "#1"},
				"west": {"uv": [0, 0, 0.3, 3], "texture": "#1"},
				"up": {"uv": [0, 0, 0.8, 0.3], "texture": "#1"},
				"down": {"uv": [0, 0, 0.8, 0.3], "texture": "#1"}
			}
		},
		{
			"name": "Cube",
			"from": [8.2, -12.2, 7.9],
			"to": [8.7, -11.2, 8],
			"faces": {
				"north": {"uv": [0, 0, 0.8, 3], "texture": "#1"},
				"east": {"uv": [0, 0, 0.3, 3], "texture": "#1"},
				"south": {"uv": [0, 0, 0.8, 3], "texture": "#1"},
				"west": {"uv": [0, 0, 0.3, 3], "texture": "#1"},
				"up": {"uv": [0, 0, 0.8, 0.3], "texture": "#1"},
				"down": {"uv": [0, 0, 0.8, 0.3], "texture": "#1"}
			}
		},
		{
			"name": "Cube",
			"from": [8.3, -12.3, 7.9],
			"to": [8.7, -11.3, 8],
			"faces": {
				"north": {"uv": [0, 0, 0.8, 3], "texture": "#1"},
				"east": {"uv": [0, 0, 0.3, 3], "texture": "#1"},
				"south": {"uv": [0, 0, 0.8, 3], "texture": "#1"},
				"west": {"uv": [0, 0, 0.3, 3], "texture": "#1"},
				"up": {"uv": [0, 0, 0.8, 0.3], "texture": "#1"},
				"down": {"uv": [0, 0, 0.8, 0.3], "texture": "#1"}
			}
		},
		{
			"name": "Cube",
			"from": [8.4, -12.4, 7.9],
			"to": [8.7, -11.4, 8],
			"faces": {
				"north": {"uv": [0, 0, 0.8, 3], "texture": "#1"},
				"east": {"uv": [0, 0, 0.3, 3], "texture": "#1"},
				"south": {"uv": [0, 0, 0.8, 3], "texture": "#1"},
				"west": {"uv": [0, 0, 0.3, 3], "texture": "#1"},
				"up": {"uv": [0, 0, 0.8, 0.3], "texture": "#1"},
				"down": {"uv": [0, 0, 0.8, 0.3], "texture": "#1"}
			}
		},
		{
			"name": "Cube",
			"from": [8.5, -12.5, 7.9],
			"to": [8.7, -11.5, 8],
			"faces": {
				"north": {"uv": [0, 0, 0.8, 3], "texture": "#1"},
				"east": {"uv": [0, 0, 0.3, 3], "texture": "#1"},
				"south": {"uv": [0, 0, 0.8, 3], "texture": "#1"},
				"west": {"uv": [0, 0, 0.3, 3], "texture": "#1"},
				"up": {"uv": [0, 0, 0.8, 0.3], "texture": "#1"},
				"down": {"uv": [0, 0, 0.8, 0.3], "texture": "#1"}
			}
		}
	],
	"display": {
		"thirdperson_righthand": {
			"rotation": [0, 90, 0],
			"translation": [0, 19, 1],
			"scale": [2, 2, 2]
		},
		"thirdperson_lefthand": {
			"rotation": [0, 90, 0],
			"translation": [0, 19, 1],
			"scale": [2, 2, 2]
		},
		"firstperson_righthand": {
			"rotation": [0, 90, 0],
			"translation": [0, 15.5, 0],
			"scale": [1.1, 1.1, 1.1]
		},
		"firstperson_lefthand": {
			"rotation": [0, 90, 0],
			"translation": [0, 15.5, 0],
			"scale": [1.1, 1.1, 1.1]
		},
		"ground": {
			"translation": [0, 12, 0]
		},
		"gui": {
			"translation": [0, 8.25, 0]
		},
		"fixed": {
			"translation": [0, 9.5, 0]
		}
	}
}