{
	"credit": "Made with Blockbench",
	"ambientocclusion": false,
	"textures": {
		"cooked_porkchop": "item/1/3-1",
		"twinbladeanim": "item/1/3-2"
	},
	"elements": [
		{
			"name": "Element",
			"from": [7, 7, 7],
			"to": [9, 10, 8],
			"faces": {
				"north": {"uv": [6, 1, 8, 4], "texture": "#cooked_porkchop"},
				"east": {"uv": [6.5, 1, 7.5, 4], "texture": "#cooked_porkchop"},
				"south": {"uv": [6, 1, 8, 4], "texture": "#cooked_porkchop"},
				"west": {"uv": [6.5, 1, 7.5, 4], "texture": "#cooked_porkchop"}
			}
		},
		{
			"name": "Element",
			"from": [7.5, 7, 6.75],
			"to": [8.5, 10, 8.25],
			"faces": {
				"north": {"uv": [6.5, 1, 7.5, 4], "texture": "#cooked_porkchop"},
				"east": {"uv": [7.5, 1, 8, 4], "texture": "#cooked_porkchop"},
				"south": {"uv": [6.5, 1, 7.5, 4], "texture": "#cooked_porkchop"},
				"west": {"uv": [7.5, 1, 8, 4], "texture": "#cooked_porkchop"}
			}
		},
		{
			"name": "Element",
			"from": [7, 10, 6.5],
			"to": [9, 10.5, 8.5],
			"faces": {
				"north": {"uv": [6, 0.5, 8, 1], "texture": "#cooked_porkchop"},
				"east": {"uv": [6, 0.5, 8, 1], "texture": "#cooked_porkchop"},
				"south": {"uv": [6, 0.5, 8, 1], "texture": "#cooked_porkchop"},
				"west": {"uv": [6, 0.5, 8, 1], "texture": "#cooked_porkchop"},
				"down": {"uv": [6, 0.5, 8, 1], "texture": "#cooked_porkchop"}
			}
		},
		{
			"name": "Element",
			"from": [7, 6.5, 6.5],
			"to": [9, 7, 8.5],
			"faces": {
				"north": {"uv": [6, 0.5, 8, 1], "texture": "#cooked_porkchop"},
				"east": {"uv": [6, 0.5, 8, 1], "texture": "#cooked_porkchop"},
				"south": {"uv": [6, 0.5, 8, 1], "texture": "#cooked_porkchop"},
				"west": {"uv": [6, 0.5, 8, 1], "texture": "#cooked_porkchop"},
				"up": {"uv": [6, 0.5, 8, 1], "texture": "#cooked_porkchop"}
			}
		},
		{
			"name": "Element",
			"from": [6, 10.5, 6.5],
			"to": [9.5, 11, 8.5],
			"faces": {
				"north": {"uv": [5, 0, 8.5, 0.5], "texture": "#cooked_porkchop"},
				"east": {"uv": [6.5, 0, 8.5, 0.5], "texture": "#cooked_porkchop"},
				"south": {"uv": [5, 0, 8.5, 0.5], "texture": "#cooked_porkchop"},
				"west": {"uv": [5, 0, 7, 0.5], "texture": "#cooked_porkchop"},
				"up": {"uv": [5, 0, 8.5, 0.5], "texture": "#cooked_porkchop"},
				"down": {"uv": [5, 0, 8.5, 0.5], "texture": "#cooked_porkchop"}
			}
		},
		{
			"name": "Element",
			"from": [5.5, 10.5, 7],
			"to": [6, 11, 8],
			"faces": {
				"north": {"uv": [4.5, 0, 5, 0.5], "texture": "#cooked_porkchop"},
				"south": {"uv": [4.5, 0, 5, 0.5], "texture": "#cooked_porkchop"},
				"west": {"uv": [4.5, 0, 5.5, 0.5], "texture": "#cooked_porkchop"},
				"up": {"uv": [6, 0, 6.5, 1], "texture": "#cooked_porkchop"},
				"down": {"uv": [6, 0, 6.5, 1], "texture": "#cooked_porkchop"}
			}
		},
		{
			"name": "Element",
			"from": [9.5, 10.5, 7],
			"to": [10, 11, 8],
			"faces": {
				"north": {"uv": [4.5, 0, 5, 0.5], "texture": "#cooked_porkchop"},
				"east": {"uv": [4.5, 0, 5.5, 0.5], "texture": "#cooked_porkchop"},
				"south": {"uv": [4.5, 0, 5, 0.5], "texture": "#cooked_porkchop"},
				"down": {"uv": [6, 0, 6.5, 1], "texture": "#cooked_porkchop"}
			}
		},
		{
			"name": "Element",
			"from": [6.5, 6, 6.5],
			"to": [10, 6.5, 8.5],
			"faces": {
				"north": {"uv": [5, 0, 8.5, 0.5], "texture": "#cooked_porkchop"},
				"east": {"uv": [6.5, 0, 8.5, 0.5], "texture": "#cooked_porkchop"},
				"south": {"uv": [5, 0, 8.5, 0.5], "texture": "#cooked_porkchop"},
				"west": {"uv": [5, 0, 7, 0.5], "texture": "#cooked_porkchop"},
				"up": {"uv": [5, 0, 8.5, 0.5], "texture": "#cooked_porkchop"},
				"down": {"uv": [5, 0, 8.5, 0.5], "texture": "#cooked_porkchop"}
			}
		},
		{
			"name": "Element",
			"from": [6, 6, 7],
			"to": [6.5, 6.5, 8],
			"faces": {
				"north": {"uv": [5, 0, 5.5, 0.5], "texture": "#cooked_porkchop"},
				"south": {"uv": [5, 0, 5.5, 0.5], "texture": "#cooked_porkchop"},
				"west": {"uv": [6.5, 0, 7.5, 0.5], "texture": "#cooked_porkchop"},
				"up": {"uv": [6, 0, 6.5, 1], "texture": "#cooked_porkchop"}
			}
		},
		{
			"name": "Element",
			"from": [10, 6, 7],
			"to": [10.5, 6.5, 8],
			"faces": {
				"north": {"uv": [4.5, 0, 5, 0.5], "texture": "#cooked_porkchop"},
				"east": {"uv": [4.5, 0, 5.5, 0.5], "texture": "#cooked_porkchop"},
				"south": {"uv": [4.5, 0, 5, 0.5], "texture": "#cooked_porkchop"},
				"up": {"uv": [6, 0, 6.5, 1], "texture": "#cooked_porkchop"},
				"down": {"uv": [6, 0, 6.5, 1], "texture": "#cooked_porkchop"}
			}
		},
		{
			"name": "Element",
			"from": [6.5, 11, 6.5],
			"to": [10, 11.5, 8.5],
			"faces": {
				"north": {"uv": [5.5, 15.5, 2, 16], "texture": "#cooked_porkchop"},
				"east": {"uv": [3.5, 15.5, 5.5, 16], "texture": "#cooked_porkchop"},
				"south": {"uv": [2, 15.5, 5.5, 16], "texture": "#cooked_porkchop"},
				"west": {"uv": [2, 15.5, 3, 16], "texture": "#cooked_porkchop"},
				"up": {"uv": [2, 15.5, 5.5, 16], "texture": "#cooked_porkchop"},
				"down": {"uv": [2, 15.5, 5.5, 16], "texture": "#cooked_porkchop"}
			}
		},
		{
			"name": "Element",
			"from": [10, 11, 7],
			"to": [10.5, 11.5, 8],
			"faces": {
				"north": {"uv": [5.5, 15.5, 6, 16], "texture": "#cooked_porkchop"},
				"east": {"uv": [6.5, 4, 7.5, 4.5], "texture": "#cooked_porkchop"},
				"south": {"uv": [5.5, 15.5, 6, 16], "texture": "#cooked_porkchop"},
				"down": {"uv": [7.5, 2.5, 8, 3.5], "texture": "#cooked_porkchop"}
			}
		},
		{
			"name": "Element",
			"from": [6, 11, 7],
			"to": [6.5, 11.5, 8],
			"faces": {
				"north": {"uv": [1.5, 15.5, 2, 16], "texture": "#cooked_porkchop"},
				"south": {"uv": [1.5, 15.5, 2, 16], "texture": "#cooked_porkchop"},
				"west": {"uv": [4, 15.5, 5, 16], "texture": "#cooked_porkchop"},
				"up": {"uv": [4, 15, 4.5, 16], "texture": "#cooked_porkchop"}
			}
		},
		{
			"name": "Element",
			"from": [6, 5.5, 6.5],
			"to": [9.5, 6, 8.5],
			"faces": {
				"north": {"uv": [2, 15.5, 5.5, 16], "texture": "#cooked_porkchop"},
				"east": {"uv": [2, 15.5, 3, 16], "texture": "#cooked_porkchop"},
				"south": {"uv": [5.5, 15.5, 2, 16], "texture": "#cooked_porkchop"},
				"west": {"uv": [3.5, 15.5, 5.5, 16], "texture": "#cooked_porkchop"},
				"up": {"uv": [5.5, 15.5, 2, 16], "texture": "#cooked_porkchop"},
				"down": {"uv": [5.5, 15.5, 2, 16], "texture": "#cooked_porkchop"}
			}
		},
		{
			"name": "Element",
			"from": [5.5, 5.5, 7],
			"to": [6, 6, 8],
			"faces": {
				"north": {"uv": [10, 0, 10.5, 0.5], "texture": "#cooked_porkchop"},
				"south": {"uv": [10, 0, 10.5, 0.5], "texture": "#cooked_porkchop"},
				"west": {"uv": [8, 0, 9, 0.5], "texture": "#cooked_porkchop"},
				"up": {"uv": [10, 0, 10.5, 0.5], "texture": "#cooked_porkchop"}
			}
		},
		{
			"name": "Element",
			"from": [9.5, 5.5, 7],
			"to": [10, 6, 8],
			"faces": {
				"north": {"uv": [1.5, 15.5, 2, 16], "texture": "#cooked_porkchop"},
				"east": {"uv": [4, 15.5, 5, 16], "texture": "#cooked_porkchop"},
				"south": {"uv": [1.5, 15.5, 2, 16], "texture": "#cooked_porkchop"},
				"down": {"uv": [4, 15, 4.5, 16], "texture": "#cooked_porkchop"}
			}
		},
		{
			"name": "Element",
			"from": [9, 11.5, 6.5],
			"to": [10, 12, 8.5],
			"faces": {
				"north": {"uv": [4.5, 15, 5.5, 15.5], "texture": "#cooked_porkchop"},
				"east": {"uv": [4.5, 15, 5.5, 15.5], "texture": "#cooked_porkchop"},
				"south": {"uv": [4.5, 15, 5.5, 15.5], "texture": "#cooked_porkchop"},
				"west": {"uv": [4.5, 15, 5.5, 15.5], "texture": "#cooked_porkchop"},
				"up": {"uv": [4.5, 15, 5.5, 15.5], "texture": "#cooked_porkchop"}
			}
		},
		{
			"name": "Element",
			"from": [10, 11.5, 7],
			"to": [11, 12.5, 8],
			"faces": {
				"north": {"uv": [5.5, 14.5, 6.5, 15.5], "texture": "#cooked_porkchop"},
				"east": {"uv": [6, 14.5, 6.5, 15.5], "texture": "#cooked_porkchop"},
				"south": {"uv": [6.5, 14.5, 5.5, 15.5], "texture": "#cooked_porkchop"},
				"west": {"uv": [5.5, 14.5, 6, 15.5], "texture": "#cooked_porkchop"},
				"up": {"uv": [6.5, 14.5, 5.5, 15], "texture": "#cooked_porkchop"},
				"down": {"uv": [6.5, 15, 5.5, 15.5], "texture": "#cooked_porkchop"}
			}
		},
		{
			"name": "Element",
			"from": [6.5, 11.5, 7],
			"to": [9, 12, 8],
			"faces": {
				"north": {"uv": [4.5, 15, 2, 15.5], "texture": "#cooked_porkchop"},
				"south": {"uv": [2, 15, 4.5, 15.5], "texture": "#cooked_porkchop"},
				"west": {"uv": [4, 15, 4.5, 15.5], "texture": "#cooked_porkchop"},
				"up": {"uv": [2, 15, 4.5, 15.5], "texture": "#cooked_porkchop"}
			}
		},
		{
			"name": "Element",
			"from": [6, 5, 6.5],
			"to": [7, 5.5, 8.5],
			"faces": {
				"north": {"uv": [10.5, 0.5, 11.5, 1], "texture": "#cooked_porkchop"},
				"east": {"uv": [10.5, 0.5, 11.5, 1], "texture": "#cooked_porkchop"},
				"south": {"uv": [10.5, 0.5, 11.5, 1], "texture": "#cooked_porkchop"},
				"west": {"uv": [10.5, 0.5, 11.5, 1], "texture": "#cooked_porkchop"},
				"down": {"uv": [10.5, 0.5, 11.5, 1], "texture": "#cooked_porkchop"}
			}
		},
		{
			"name": "Element",
			"from": [5, 4.5, 7],
			"to": [6, 5.5, 8],
			"faces": {
				"north": {"uv": [5.5, 15.5, 6.5, 14.5], "texture": "#cooked_porkchop"},
				"east": {"uv": [5.5, 15.5, 6, 14.5], "texture": "#cooked_porkchop"},
				"south": {"uv": [6.5, 15.5, 5.5, 14.5], "texture": "#cooked_porkchop"},
				"west": {"uv": [6, 15.5, 6.5, 14.5], "texture": "#cooked_porkchop"},
				"up": {"uv": [5.5, 15, 6.5, 15.5], "texture": "#cooked_porkchop"},
				"down": {"uv": [5.5, 14.5, 6.5, 15], "texture": "#cooked_porkchop"}
			}
		},
		{
			"name": "Element",
			"from": [7, 5, 7],
			"to": [9.5, 5.5, 8],
			"faces": {
				"north": {"uv": [14, 0.5, 11.5, 1], "texture": "#cooked_porkchop"},
				"east": {"uv": [8, 0, 9, 0.5], "texture": "#cooked_porkchop"},
				"south": {"uv": [11.5, 0.5, 14, 1], "texture": "#cooked_porkchop"},
				"down": {"uv": [11.5, 0.5, 14, 1], "texture": "#cooked_porkchop"}
			}
		},
		{
			"name": "Element",
			"from": [7, 12.5, 6.25],
			"to": [8, 13.5, 8.75],
			"faces": {
				"north": {"uv": [2.5, 13.5, 3.5, 14.5], "texture": "#cooked_porkchop"},
				"east": {"uv": [2.5, 13.5, 3, 14.5], "texture": "#cooked_porkchop"},
				"south": {"uv": [2.5, 13.5, 3.5, 14.5], "texture": "#cooked_porkchop"},
				"west": {"uv": [3, 13.5, 3.5, 14.5], "texture": "#cooked_porkchop"},
				"up": {"uv": [2.5, 13.5, 3.5, 14], "texture": "#cooked_porkchop"},
				"down": {"uv": [2.5, 14, 3.5, 14.5], "texture": "#cooked_porkchop"}
			}
		},
		{
			"name": "Element",
			"from": [8, 3.5, 6.25],
			"to": [9, 4.5, 8.75],
			"faces": {
				"north": {"uv": [12.5, 1.5, 13.5, 2.5], "texture": "#cooked_porkchop"},
				"east": {"uv": [12.5, 1.5, 13.5, 2.5], "texture": "#cooked_porkchop"},
				"south": {"uv": [12.5, 1.5, 13.5, 2.5], "texture": "#cooked_porkchop"},
				"west": {"uv": [12.5, 1.5, 13.5, 2.5], "texture": "#cooked_porkchop"},
				"up": {"uv": [12.5, 1.5, 13.5, 2], "texture": "#cooked_porkchop"},
				"down": {"uv": [12.5, 2, 13.5, 2.5], "texture": "#cooked_porkchop"}
			}
		},
		{
			"name": "Element",
			"from": [7, 13.5, 6.5],
			"to": [8, 14, 8.5],
			"faces": {
				"north": {"uv": [3.5, 13, 2.5, 13.5], "texture": "#cooked_porkchop"},
				"east": {"uv": [3, 13, 3.5, 13.5], "texture": "#cooked_porkchop"},
				"south": {"uv": [2.5, 13, 3.5, 13.5], "texture": "#cooked_porkchop"},
				"west": {"uv": [2.5, 13, 3, 13.5], "texture": "#cooked_porkchop"},
				"up": {"uv": [2.5, 13, 3.5, 13.5], "texture": "#cooked_porkchop"}
			}
		},
		{
			"name": "Element",
			"from": [6.25, 12.5, 7],
			"to": [8.75, 13.5, 8],
			"faces": {
				"north": {"uv": [2.5, 13.5, 3, 14.5], "texture": "#cooked_porkchop"},
				"east": {"uv": [2.5, 13.5, 3.5, 14.5], "texture": "#cooked_porkchop"},
				"south": {"uv": [2.5, 13.5, 3, 14.5], "texture": "#cooked_porkchop"},
				"west": {"uv": [2.5, 13.5, 3.5, 14.5], "texture": "#cooked_porkchop"},
				"up": {"uv": [2.5, 13.5, 3.5, 14], "texture": "#cooked_porkchop"},
				"down": {"uv": [2.5, 14, 3.5, 14.5], "texture": "#cooked_porkchop"}
			}
		},
		{
			"name": "Element",
			"from": [7.25, 3.5, 7],
			"to": [9.75, 4.5, 8],
			"faces": {
				"north": {"uv": [13, 1.5, 13.5, 2.5], "texture": "#cooked_porkchop"},
				"east": {"uv": [12.5, 1.5, 13.5, 2.5], "texture": "#cooked_porkchop"},
				"south": {"uv": [13, 1.5, 13.5, 2.5], "texture": "#cooked_porkchop"},
				"west": {"uv": [12.5, 1.5, 13.5, 2.5], "texture": "#cooked_porkchop"},
				"up": {"uv": [12.5, 1.5, 13.5, 2], "texture": "#cooked_porkchop"},
				"down": {"uv": [12.5, 2, 13.5, 2.5], "texture": "#cooked_porkchop"}
			}
		},
		{
			"name": "Element",
			"from": [8, 3, 6.5],
			"to": [9, 3.5, 8.5],
			"faces": {
				"north": {"uv": [13.5, 2.5, 12.5, 3], "texture": "#cooked_porkchop"},
				"east": {"uv": [13, 2.5, 13.5, 3], "texture": "#cooked_porkchop"},
				"south": {"uv": [12.5, 2.5, 13.5, 3], "texture": "#cooked_porkchop"},
				"west": {"uv": [12.5, 2.5, 13, 3], "texture": "#cooked_porkchop"},
				"down": {"uv": [12.5, 2.5, 13.5, 3], "texture": "#cooked_porkchop"}
			}
		},
		{
			"name": "Element",
			"from": [7, 11.5, 6.75],
			"to": [8, 12, 8.25],
			"faces": {
				"north": {"uv": [2.5, 15, 3.5, 15.5], "texture": "#cooked_porkchop"},
				"east": {"uv": [2.5, 15, 3.5, 15.5], "texture": "#cooked_porkchop"},
				"south": {"uv": [2.5, 15, 3.5, 15.5], "texture": "#cooked_porkchop"},
				"west": {"uv": [2.5, 15, 3.5, 15.5], "texture": "#cooked_porkchop"}
			}
		},
		{
			"name": "Element",
			"from": [8, 5, 6.75],
			"to": [9, 5.5, 8.25],
			"faces": {
				"north": {"uv": [12.5, 0.5, 13.5, 1], "texture": "#cooked_porkchop"},
				"east": {"uv": [12.5, 0.5, 13, 1], "texture": "#cooked_porkchop"},
				"south": {"uv": [12.5, 0.5, 13.5, 1], "texture": "#cooked_porkchop"},
				"west": {"uv": [12.5, 0.5, 13, 1], "texture": "#cooked_porkchop"}
			}
		},
		{
			"name": "Element",
			"from": [6.5, 12, 6.5],
			"to": [8.5, 13.5, 8.5],
			"faces": {
				"north": {"uv": [4, 13.5, 2, 15], "texture": "#cooked_porkchop"},
				"east": {"uv": [3.5, 13.5, 4, 15], "texture": "#cooked_porkchop"},
				"south": {"uv": [2, 13.5, 4, 15], "texture": "#cooked_porkchop"},
				"west": {"uv": [2, 13.5, 2.5, 15], "texture": "#cooked_porkchop"},
				"up": {"uv": [2, 13.5, 4, 14], "texture": "#cooked_porkchop"},
				"down": {"uv": [2, 14.5, 4, 15], "texture": "#cooked_porkchop"}
			}
		},
		{
			"name": "Element",
			"from": [7.5, 3.5, 6.5],
			"to": [9.5, 5, 8.5],
			"faces": {
				"north": {"uv": [14, 1, 12, 2.5], "texture": "#cooked_porkchop"},
				"east": {"uv": [13.5, 1, 14, 2.5], "texture": "#cooked_porkchop"},
				"south": {"uv": [12, 1, 14, 2.5], "texture": "#cooked_porkchop"},
				"west": {"uv": [12, 1, 12.5, 2.5], "texture": "#cooked_porkchop"},
				"up": {"uv": [12, 1, 14, 1.5], "texture": "#cooked_porkchop"},
				"down": {"uv": [12, 2, 14, 2.5], "texture": "#cooked_porkchop"}
			}
		},
		{
			"name": "Element",
			"from": [6.5, 13.5, 7],
			"to": [7, 14, 8],
			"faces": {
				"north": {"uv": [2, 14, 2.5, 14.5], "texture": "#cooked_porkchop"},
				"south": {"uv": [2, 14, 2.5, 14.5], "texture": "#cooked_porkchop"},
				"west": {"uv": [4, 6.5, 5, 7], "texture": "#cooked_porkchop"},
				"up": {"uv": [2, 13.5, 2.5, 14.5], "texture": "#cooked_porkchop"}
			}
		},
		{
			"name": "Element",
			"from": [9, 3, 7],
			"to": [9.5, 3.5, 8],
			"faces": {
				"north": {"uv": [11, 9.5, 11.5, 10], "texture": "#cooked_porkchop"},
				"east": {"uv": [11, 9.5, 12, 10], "texture": "#cooked_porkchop"},
				"south": {"uv": [11, 9.5, 11.5, 10], "texture": "#cooked_porkchop"},
				"down": {"uv": [11, 9, 11.5, 10], "texture": "#cooked_porkchop"}
			}
		},
		{
			"name": "Element",
			"from": [8.5, 12, 6.75],
			"to": [9, 14.5, 8.25],
			"faces": {
				"north": {"uv": [4, 12.5, 4.5, 15], "texture": "#cooked_porkchop"},
				"east": {"uv": [4, 12.5, 4.5, 15], "texture": "#cooked_porkchop"},
				"south": {"uv": [4, 12.5, 4.5, 15], "texture": "#cooked_porkchop"},
				"west": {"uv": [4, 12.5, 4.5, 15], "texture": "#cooked_porkchop"},
				"up": {"uv": [4, 12.5, 4.5, 14], "texture": "#cooked_porkchop"},
				"down": {"uv": [4, 15, 4.5, 15.5], "texture": "#cooked_porkchop"}
			}
		},
		{
			"name": "Element",
			"from": [10, 12, 6.5],
			"to": [10.5, 12.5, 7],
			"faces": {
				"north": {"uv": [5.5, 14.5, 6, 15], "texture": "#cooked_porkchop"},
				"east": {"uv": [5.5, 14.5, 6, 15], "texture": "#cooked_porkchop"},
				"west": {"uv": [5.5, 14.5, 6, 15], "texture": "#cooked_porkchop"},
				"up": {"uv": [5.5, 14.5, 6, 15], "texture": "#cooked_porkchop"},
				"down": {"uv": [5.5, 14.5, 6, 15], "texture": "#cooked_porkchop"}
			}
		},
		{
			"name": "Element",
			"from": [10, 12, 8],
			"to": [10.5, 12.5, 8.5],
			"faces": {
				"east": {"uv": [5.5, 14.5, 6, 15], "texture": "#cooked_porkchop"},
				"south": {"uv": [5.5, 14.5, 6, 15], "texture": "#cooked_porkchop"},
				"west": {"uv": [5.5, 14.5, 6, 15], "texture": "#cooked_porkchop"},
				"up": {"uv": [5.5, 14.5, 6, 15], "texture": "#cooked_porkchop"},
				"down": {"uv": [5.5, 14.5, 6, 15], "texture": "#cooked_porkchop"}
			}
		},
		{
			"name": "Element",
			"from": [5.5, 4.5, 8],
			"to": [6, 5, 8.5],
			"faces": {
				"east": {"uv": [10, 1, 10.5, 1.5], "texture": "#cooked_porkchop"},
				"south": {"uv": [10, 1, 10.5, 1.5], "texture": "#cooked_porkchop"},
				"west": {"uv": [10, 1, 10.5, 1.5], "texture": "#cooked_porkchop"},
				"up": {"uv": [10, 1, 10.5, 1.5], "texture": "#cooked_porkchop"},
				"down": {"uv": [10, 1, 10.5, 1.5], "texture": "#cooked_porkchop"}
			}
		},
		{
			"name": "Element",
			"from": [5.5, 4.5, 6.5],
			"to": [6, 5, 7],
			"faces": {
				"north": {"uv": [10, 1, 10.5, 1.5], "texture": "#cooked_porkchop"},
				"east": {"uv": [10, 1, 10.5, 1.5], "texture": "#cooked_porkchop"},
				"west": {"uv": [10, 1, 10.5, 1.5], "texture": "#cooked_porkchop"},
				"up": {"uv": [10, 1, 10.5, 1.5], "texture": "#cooked_porkchop"},
				"down": {"uv": [10, 1, 10.5, 1.5], "texture": "#cooked_porkchop"}
			}
		},
		{
			"name": "Element",
			"from": [8, 13.5, 7],
			"to": [8.5, 14.5, 8],
			"faces": {
				"north": {"uv": [3.5, 12.5, 4, 13.5], "texture": "#cooked_porkchop"},
				"south": {"uv": [3.5, 12.5, 4, 13.5], "texture": "#cooked_porkchop"},
				"west": {"uv": [3.5, 12.5, 4, 13.5], "texture": "#cooked_porkchop"}
			}
		},
		{
			"name": "Element",
			"from": [7, 14, 7],
			"to": [8, 15, 8],
			"faces": {
				"north": {"uv": [3.5, 12, 2.5, 13], "texture": "#cooked_porkchop"},
				"east": {"uv": [3, 12, 3.5, 13], "texture": "#cooked_porkchop"},
				"south": {"uv": [2.5, 12, 3.5, 13], "texture": "#cooked_porkchop"},
				"west": {"uv": [2.5, 12, 3, 13], "texture": "#cooked_porkchop"}
			}
		},
		{
			"name": "Element",
			"from": [7, 2.5, 6.75],
			"to": [7.5, 5, 8.25],
			"faces": {
				"north": {"uv": [11.5, 1, 12, 3.5], "texture": "#cooked_porkchop"},
				"east": {"uv": [11.5, 1, 12, 3.5], "texture": "#cooked_porkchop"},
				"south": {"uv": [11.5, 1, 12, 3.5], "texture": "#cooked_porkchop"},
				"west": {"uv": [11.5, 1, 12, 3.5], "texture": "#cooked_porkchop"},
				"up": {"uv": [11.5, 1, 12, 1.5], "texture": "#cooked_porkchop"},
				"down": {"uv": [11.5, 2, 12, 3.5], "texture": "#cooked_porkchop"}
			}
		},
		{
			"name": "Element",
			"from": [8, 14.5, 6.75],
			"to": [8.5, 15, 8.25],
			"faces": {
				"north": {"uv": [3.5, 12, 4, 12.5], "texture": "#cooked_porkchop"},
				"east": {"uv": [3.5, 12, 4, 12.5], "texture": "#cooked_porkchop"},
				"south": {"uv": [3.5, 12, 4, 12.5], "texture": "#cooked_porkchop"},
				"west": {"uv": [3.5, 12, 4, 12.5], "texture": "#cooked_porkchop"},
				"up": {"uv": [4, 12.5, 4.5, 14], "texture": "#cooked_porkchop"},
				"down": {"uv": [4, 12.5, 4.5, 14], "texture": "#cooked_porkchop"}
			}
		},
		{
			"name": "Element",
			"from": [7.5, 2.5, 7],
			"to": [8, 3.5, 8],
			"faces": {
				"north": {"uv": [12, 2.5, 12.5, 3.5], "texture": "#cooked_porkchop"},
				"east": {"uv": [12, 2.5, 12.5, 3.5], "texture": "#cooked_porkchop"},
				"south": {"uv": [12, 2.5, 12.5, 3.5], "texture": "#cooked_porkchop"}
			}
		},
		{
			"name": "Element",
			"from": [7.5, 2, 6.75],
			"to": [8, 2.5, 8.25],
			"faces": {
				"north": {"uv": [12, 3.5, 12.5, 4], "texture": "#cooked_porkchop"},
				"east": {"uv": [12, 3.5, 12.5, 4], "texture": "#cooked_porkchop"},
				"south": {"uv": [12, 3.5, 12.5, 4], "texture": "#cooked_porkchop"},
				"west": {"uv": [12, 3.5, 12.5, 4], "texture": "#cooked_porkchop"},
				"up": {"uv": [11.5, 2, 12, 3.5], "texture": "#cooked_porkchop"},
				"down": {"uv": [11.5, 2, 12, 3.5], "texture": "#cooked_porkchop"}
			}
		},
		{
			"name": "Element",
			"from": [8, 2, 7],
			"to": [9, 3, 8],
			"faces": {
				"north": {"uv": [13.5, 3, 12.5, 4], "texture": "#cooked_porkchop"},
				"east": {"uv": [13, 3, 13.5, 4], "texture": "#cooked_porkchop"},
				"south": {"uv": [12.5, 3, 13.5, 4], "texture": "#cooked_porkchop"},
				"west": {"uv": [12.5, 3, 13, 4], "texture": "#cooked_porkchop"}
			}
		},
		{
			"name": "Element",
			"from": [7, 15, 6.75],
			"to": [8, 15.5, 8.25],
			"faces": {
				"north": {"uv": [2.5, 11.5, 3.5, 12], "texture": "#cooked_porkchop"},
				"east": {"uv": [3, 11.5, 3.5, 12], "texture": "#cooked_porkchop"},
				"south": {"uv": [2.5, 11.5, 3.5, 12], "texture": "#cooked_porkchop"},
				"west": {"uv": [2.5, 11.5, 3, 12], "texture": "#cooked_porkchop"},
				"up": {"uv": [2.5, 11.5, 3.5, 12], "texture": "#cooked_porkchop"},
				"down": {"uv": [2.5, 11.5, 3.5, 12], "texture": "#cooked_porkchop"}
			}
		},
		{
			"name": "Element",
			"from": [8, 1.5, 6.75],
			"to": [9, 2, 8.25],
			"faces": {
				"north": {"uv": [12.5, 4, 13.5, 4.5], "texture": "#cooked_porkchop"},
				"east": {"uv": [12.5, 4, 13, 4.5], "texture": "#cooked_porkchop"},
				"south": {"uv": [12.5, 4, 13.5, 4.5], "texture": "#cooked_porkchop"},
				"west": {"uv": [12.5, 4, 13, 4.5], "texture": "#cooked_porkchop"},
				"up": {"uv": [12.5, 4, 13.5, 4.5], "texture": "#cooked_porkchop"},
				"down": {"uv": [12.5, 4, 13.5, 4.5], "texture": "#cooked_porkchop"}
			}
		},
		{
			"name": "Element",
			"from": [10.5, 12, 6.75],
			"to": [11, 12.5, 8.25],
			"faces": {
				"north": {"uv": [6, 14.5, 6.5, 15], "texture": "#cooked_porkchop"},
				"east": {"uv": [6, 14.5, 6.5, 15], "texture": "#cooked_porkchop"},
				"south": {"uv": [6, 14.5, 6.5, 15], "texture": "#cooked_porkchop"},
				"west": {"uv": [6, 14.5, 6.5, 15], "texture": "#cooked_porkchop"},
				"up": {"uv": [6, 14.5, 6.5, 15], "texture": "#cooked_porkchop"},
				"down": {"uv": [6, 14.5, 6.5, 15], "texture": "#cooked_porkchop"}
			}
		},
		{
			"name": "Element",
			"from": [5, 4.5, 6.75],
			"to": [5.5, 5, 8.25],
			"faces": {
				"north": {"uv": [9.5, 1, 10, 1.5], "texture": "#cooked_porkchop"},
				"east": {"uv": [9.5, 1, 10, 1.5], "texture": "#cooked_porkchop"},
				"south": {"uv": [9.5, 1, 10, 1.5], "texture": "#cooked_porkchop"},
				"west": {"uv": [9.5, 1, 10, 1.5], "texture": "#cooked_porkchop"},
				"up": {"uv": [9.5, 1, 10, 1.5], "texture": "#cooked_porkchop"},
				"down": {"uv": [9.5, 1, 10, 1.5], "texture": "#cooked_porkchop"}
			}
		},
		{
			"name": "Element",
			"from": [6.5, 14.5, 7],
			"to": [7, 15, 8],
			"faces": {
				"north": {"uv": [2, 12, 2.5, 12.5], "texture": "#cooked_porkchop"},
				"south": {"uv": [2, 12, 2.5, 12.5], "texture": "#cooked_porkchop"},
				"west": {"uv": [2, 12, 3, 12.5], "texture": "#cooked_porkchop"},
				"up": {"uv": [2, 12, 2.5, 12.5], "texture": "#cooked_porkchop"},
				"down": {"uv": [2, 12, 2.5, 12.5], "texture": "#cooked_porkchop"}
			}
		},
		{
			"name": "Element",
			"from": [9, 2, 7],
			"to": [9.5, 2.5, 8],
			"faces": {
				"north": {"uv": [13.5, 3.5, 14, 4], "texture": "#cooked_porkchop"},
				"east": {"uv": [13, 3.5, 14, 4], "texture": "#cooked_porkchop"},
				"south": {"uv": [13.5, 3.5, 14, 4], "texture": "#cooked_porkchop"},
				"up": {"uv": [13.5, 3.5, 14, 4], "texture": "#cooked_porkchop"},
				"down": {"uv": [13.5, 3.5, 14, 4], "texture": "#cooked_porkchop"}
			}
		},
		{
			"name": "Element",
			"from": [9, 12, 7],
			"to": [10, 14, 8],
			"faces": {
				"north": {"uv": [5.5, 13, 4.5, 15], "texture": "#cooked_porkchop"},
				"east": {"uv": [5, 13, 5.5, 15], "texture": "#cooked_porkchop"},
				"south": {"uv": [4.5, 13, 5.5, 15], "texture": "#cooked_porkchop"},
				"up": {"uv": [4.5, 13, 5.5, 14], "texture": "#cooked_porkchop"}
			}
		},
		{
			"name": "Element",
			"from": [10, 12.5, 7],
			"to": [10.5, 20.5, 8],
			"faces": {
				"north": {"uv": [5.5, 6.5, 6, 14.5], "texture": "#cooked_porkchop", "cullface": "up"},
				"east": {"uv": [5.5, 6.5, 6, 14.5], "texture": "#cooked_porkchop", "cullface": "up"},
				"south": {"uv": [5.5, 6.5, 6, 14.5], "texture": "#cooked_porkchop", "cullface": "up"},
				"west": {"uv": [5.5, 6.5, 6, 14.5], "texture": "#cooked_porkchop", "cullface": "up"},
				"up": {"uv": [5.5, 7, 6, 7.5], "texture": "#cooked_porkchop", "cullface": "up"}
			}
		},
		{
			"name": "Element",
			"from": [6, 3, 7],
			"to": [7, 5, 8],
			"faces": {
				"north": {"uv": [11.5, 1, 10.5, 3], "texture": "#cooked_porkchop"},
				"south": {"uv": [10.5, 1, 11.5, 3], "texture": "#cooked_porkchop"},
				"west": {"uv": [10.5, 1, 11, 3], "texture": "#cooked_porkchop"},
				"down": {"uv": [10.5, 2.5, 11.5, 3], "texture": "#cooked_porkchop"}
			}
		},
		{
			"name": "Element",
			"from": [5.5, -3.5, 7],
			"to": [6, 4.5, 8],
			"faces": {
				"north": {"uv": [10, 1.5, 10.5, 9.5], "texture": "#cooked_porkchop", "cullface": "down"},
				"east": {"uv": [10, 1.5, 10.5, 9.5], "texture": "#cooked_porkchop", "cullface": "down"},
				"south": {"uv": [10, 1.5, 10.5, 9.5], "texture": "#cooked_porkchop", "cullface": "down"},
				"west": {"uv": [10, 1.5, 10.5, 9.5], "texture": "#cooked_porkchop", "cullface": "down"},
				"down": {"uv": [10, 7.5, 10.5, 8], "texture": "#cooked_porkchop", "cullface": "down"}
			}
		},
		{
			"name": "Element",
			"from": [10.5, 12.5, 7.25],
			"to": [11, 21, 7.75],
			"faces": {
				"north": {"uv": [8, 7.5, 8.5, 16], "texture": "#cooked_porkchop", "cullface": "up"},
				"east": {"uv": [8, 7.5, 8.5, 16], "texture": "#cooked_porkchop", "cullface": "up"},
				"south": {"uv": [8, 7.5, 8.5, 16], "texture": "#cooked_porkchop", "cullface": "up"},
				"west": {"uv": [8, 7.5, 8.5, 16], "texture": "#cooked_porkchop", "cullface": "up"},
				"up": {"uv": [8, 7.5, 8.5, 8], "texture": "#cooked_porkchop", "cullface": "up"}
			}
		},
		{
			"name": "Element",
			"from": [5, -4, 7.25],
			"to": [5.5, 4.5, 7.75],
			"faces": {
				"north": {"uv": [8.5, 7.5, 9, 16], "texture": "#cooked_porkchop", "cullface": "down"},
				"east": {"uv": [8.5, 7.5, 9, 16], "texture": "#cooked_porkchop", "cullface": "down"},
				"south": {"uv": [8.5, 7.5, 9, 16], "texture": "#cooked_porkchop", "cullface": "down"},
				"west": {"uv": [8.5, 7.5, 9, 16], "texture": "#cooked_porkchop", "cullface": "down"},
				"down": {"uv": [8.5, 15.5, 9, 16], "texture": "#cooked_porkchop", "cullface": "down"}
			}
		},
		{
			"name": "Element",
			"from": [9.5, 14, 7],
			"to": [10, 22, 8],
			"faces": {
				"north": {"uv": [5, 5, 5.5, 13], "texture": "#cooked_porkchop", "cullface": "up"},
				"east": {"uv": [5.5, 5, 6, 13], "texture": "#cooked_porkchop", "cullface": "up"},
				"south": {"uv": [5, 5, 5.5, 13], "texture": "#cooked_porkchop", "cullface": "up"},
				"west": {"uv": [5, 5, 5.5, 13], "texture": "#cooked_porkchop", "cullface": "up"},
				"up": {"uv": [5, 5, 5.5, 6], "texture": "#cooked_porkchop", "cullface": "up"}
			}
		},
		{
			"name": "Element",
			"from": [6, -5, 7],
			"to": [6.5, 3, 8],
			"faces": {
				"north": {"uv": [10.5, 3, 11, 11], "texture": "#cooked_porkchop", "cullface": "down"},
				"east": {"uv": [10.5, 3, 11, 11], "texture": "#cooked_porkchop", "cullface": "down"},
				"south": {"uv": [10.5, 3, 11, 11], "texture": "#cooked_porkchop", "cullface": "down"},
				"west": {"uv": [10.5, 3, 11, 11], "texture": "#cooked_porkchop", "cullface": "down"},
				"down": {"uv": [10.5, 10, 11, 11], "texture": "#cooked_porkchop", "cullface": "down"}
			}
		},
		{
			"name": "Element",
			"from": [11, 16, 7.25],
			"to": [11.5, 18.5, 7.75],
			"faces": {
				"north": {"uv": [6.5, 8.5, 7, 11], "texture": "#cooked_porkchop", "cullface": "up"},
				"east": {"uv": [6.5, 8.5, 7, 11], "texture": "#cooked_porkchop", "cullface": "up"},
				"south": {"uv": [6.5, 8.5, 7, 11], "texture": "#cooked_porkchop", "cullface": "up"},
				"up": {"uv": [6.5, 8.5, 7, 9], "texture": "#cooked_porkchop", "cullface": "up"},
				"down": {"uv": [6.5, 10.5, 7, 11], "texture": "#cooked_porkchop", "cullface": "up"}
			}
		},
		{
			"name": "Element",
			"from": [11.5, 16.5, 7.25],
			"to": [12, 18, 7.75],
			"faces": {
				"north": {"uv": [7, 9, 7.5, 10.5], "texture": "#cooked_porkchop", "cullface": "up"},
				"east": {"uv": [7, 9, 7.5, 10.5], "texture": "#cooked_porkchop", "cullface": "up"},
				"south": {"uv": [7, 9, 7.5, 10.5], "texture": "#cooked_porkchop", "cullface": "up"},
				"up": {"uv": [7, 9, 7.5, 9.5], "texture": "#cooked_porkchop", "cullface": "up"},
				"down": {"uv": [7, 10, 7.5, 10.5], "texture": "#cooked_porkchop", "cullface": "up"}
			}
		},
		{
			"name": "Element",
			"from": [12, 17, 7.25],
			"to": [12.5, 17.5, 7.75],
			"faces": {
				"north": {"uv": [7.5, 9.5, 8, 10], "texture": "#cooked_porkchop", "cullface": "up"},
				"east": {"uv": [7.5, 9.5, 8, 10], "texture": "#cooked_porkchop", "cullface": "up"},
				"south": {"uv": [7.5, 9.5, 8, 10], "texture": "#cooked_porkchop", "cullface": "up"},
				"up": {"uv": [7.5, 9.5, 8, 10], "texture": "#cooked_porkchop", "cullface": "up"},
				"down": {"uv": [7.5, 9.5, 8, 10], "texture": "#cooked_porkchop", "cullface": "up"}
			}
		},
		{
			"name": "Element",
			"from": [10.5, 16.5, 7],
			"to": [11, 18, 8],
			"faces": {
				"north": {"uv": [6, 9, 6.5, 10.5], "texture": "#cooked_porkchop", "cullface": "up"},
				"east": {"uv": [6, 9, 6.5, 10.5], "texture": "#cooked_porkchop", "cullface": "up"},
				"south": {"uv": [6, 9, 6.5, 10.5], "texture": "#cooked_porkchop", "cullface": "up"},
				"up": {"uv": [6, 8.5, 6.5, 9.5], "texture": "#cooked_porkchop", "cullface": "up"},
				"down": {"uv": [6, 10, 6.5, 11], "texture": "#cooked_porkchop", "cullface": "up"}
			}
		},
		{
			"name": "Element",
			"from": [4.5, -1.5, 7.25],
			"to": [5, 1, 7.75],
			"faces": {
				"north": {"uv": [9, 5, 9.5, 7.5], "texture": "#cooked_porkchop", "cullface": "down"},
				"south": {"uv": [9, 5, 9.5, 7.5], "texture": "#cooked_porkchop", "cullface": "down"},
				"west": {"uv": [9, 5, 9.5, 7.5], "texture": "#cooked_porkchop", "cullface": "down"},
				"up": {"uv": [9, 5, 9.5, 5.5], "texture": "#cooked_porkchop", "cullface": "down"},
				"down": {"uv": [9, 7, 9.5, 7.5], "texture": "#cooked_porkchop", "cullface": "down"}
			}
		},
		{
			"name": "Element",
			"from": [4, -1, 7.25],
			"to": [4.5, 0.5, 7.75],
			"faces": {
				"north": {"uv": [8.5, 5.5, 9, 7], "texture": "#cooked_porkchop", "cullface": "down"},
				"south": {"uv": [8.5, 5.5, 9, 7], "texture": "#cooked_porkchop", "cullface": "down"},
				"west": {"uv": [8.5, 5.5, 9, 7], "texture": "#cooked_porkchop", "cullface": "down"},
				"up": {"uv": [8.5, 5.5, 9, 6], "texture": "#cooked_porkchop", "cullface": "down"},
				"down": {"uv": [8.5, 6.5, 9, 7], "texture": "#cooked_porkchop", "cullface": "down"}
			}
		},
		{
			"name": "Element",
			"from": [3.5, -0.5, 7.25],
			"to": [4, 0, 7.75],
			"faces": {
				"north": {"uv": [8, 6, 8.5, 6.5], "texture": "#cooked_porkchop", "cullface": "down"},
				"south": {"uv": [8, 6, 8.5, 6.5], "texture": "#cooked_porkchop", "cullface": "down"},
				"west": {"uv": [8, 6, 8.5, 6.5], "texture": "#cooked_porkchop", "cullface": "down"},
				"up": {"uv": [8, 6, 8.5, 6.5], "texture": "#cooked_porkchop", "cullface": "down"},
				"down": {"uv": [8, 6, 8.5, 6.5], "texture": "#cooked_porkchop", "cullface": "down"}
			}
		},
		{
			"name": "Element",
			"from": [5, -1, 7],
			"to": [5.5, 0.5, 8],
			"faces": {
				"north": {"uv": [9.5, 5.5, 10, 7], "texture": "#cooked_porkchop", "cullface": "down"},
				"south": {"uv": [9.5, 5.5, 10, 7], "texture": "#cooked_porkchop", "cullface": "down"},
				"west": {"uv": [9.5, 5.5, 10, 7], "texture": "#cooked_porkchop", "cullface": "down"},
				"up": {"uv": [9.5, 5.5, 10, 6], "texture": "#cooked_porkchop", "cullface": "down"},
				"down": {"uv": [9.5, 6.5, 10, 7], "texture": "#cooked_porkchop", "cullface": "down"}
			}
		},
		{
			"name": "Element",
			"from": [10, 20.5, 7.25],
			"to": [10.5, 22.5, 7.75],
			"faces": {
				"north": {"uv": [5.5, 4.5, 6, 6.5], "texture": "#cooked_porkchop", "cullface": "up"},
				"east": {"uv": [5.5, 4.5, 6, 6.5], "texture": "#cooked_porkchop", "cullface": "up"},
				"south": {"uv": [5.5, 4.5, 6, 6.5], "texture": "#cooked_porkchop", "cullface": "up"},
				"west": {"uv": [5.5, 4.5, 6, 6.5], "texture": "#cooked_porkchop", "cullface": "up"},
				"up": {"uv": [10, 7, 10.5, 7.5], "texture": "#cooked_porkchop", "cullface": "up"}
			}
		},
		{
			"name": "Element",
			"from": [5.5, -5.5, 7.25],
			"to": [6, -3.5, 7.75],
			"faces": {
				"north": {"uv": [10, 9.5, 10.5, 11.5], "texture": "#cooked_porkchop", "cullface": "down"},
				"east": {"uv": [10, 9.5, 10.5, 11.5], "texture": "#cooked_porkchop", "cullface": "down"},
				"south": {"uv": [10, 9.5, 10.5, 11.5], "texture": "#cooked_porkchop", "cullface": "down"},
				"west": {"uv": [10, 9.5, 10.5, 11.5], "texture": "#cooked_porkchop", "cullface": "down"},
				"down": {"uv": [10, 11, 10.5, 11.5], "texture": "#cooked_porkchop", "cullface": "down"}
			}
		},
		{
			"name": "Element",
			"from": [9.5, 22, 7.25],
			"to": [10, 23.5, 7.75],
			"faces": {
				"north": {"uv": [5, 3.5, 5.5, 5], "texture": "#cooked_porkchop", "cullface": "up"},
				"east": {"uv": [5, 3.5, 5.5, 5], "texture": "#cooked_porkchop", "cullface": "up"},
				"south": {"uv": [5, 3.5, 5.5, 5], "texture": "#cooked_porkchop", "cullface": "up"},
				"west": {"uv": [5, 3.5, 5.5, 5], "texture": "#cooked_porkchop", "cullface": "up"},
				"up": {"uv": [9.5, 7, 10, 7.5], "texture": "#cooked_porkchop", "cullface": "up"}
			}
		},
		{
			"name": "Element",
			"from": [6, -6.5, 7.25],
			"to": [6.5, -5, 7.75],
			"faces": {
				"north": {"uv": [10.5, 11, 11, 12.5], "texture": "#cooked_porkchop", "cullface": "down"},
				"east": {"uv": [10.5, 11, 11, 12.5], "texture": "#cooked_porkchop", "cullface": "down"},
				"south": {"uv": [10.5, 11, 11, 12.5], "texture": "#cooked_porkchop", "cullface": "down"},
				"west": {"uv": [10.5, 11, 11, 12.5], "texture": "#cooked_porkchop", "cullface": "down"},
				"down": {"uv": [10.5, 12, 11, 12.5], "texture": "#cooked_porkchop", "cullface": "down"}
			}
		},
		{
			"name": "Element",
			"from": [6.5, -6, 7],
			"to": [7, -2.5, 8],
			"faces": {
				"north": {"uv": [11, 8.5, 11.5, 12], "texture": "#cooked_porkchop", "cullface": "down"},
				"south": {"uv": [11, 8.5, 11.5, 12], "texture": "#cooked_porkchop", "cullface": "down"},
				"west": {"uv": [11, 8.5, 11.5, 12], "texture": "#cooked_porkchop", "cullface": "down"},
				"up": {"uv": [11, 8.5, 11.5, 9], "texture": "#cooked_porkchop", "cullface": "down"},
				"down": {"uv": [11, 11, 11.5, 12], "texture": "#cooked_porkchop", "cullface": "down"}
			}
		},
		{
			"name": "Element",
			"from": [6.5, -7.5, 7.25],
			"to": [7, -6, 7.75],
			"faces": {
				"north": {"uv": [11, 12, 11.5, 13.5], "texture": "#cooked_porkchop", "cullface": "down"},
				"east": {"uv": [11, 12, 11.5, 13.5], "texture": "#cooked_porkchop", "cullface": "down"},
				"south": {"uv": [11, 12, 11.5, 13.5], "texture": "#cooked_porkchop", "cullface": "down"},
				"west": {"uv": [11, 12, 11.5, 13.5], "texture": "#cooked_porkchop", "cullface": "down"},
				"down": {"uv": [11, 12, 11.5, 13.5], "texture": "#cooked_porkchop", "cullface": "down"}
			}
		},
		{
			"name": "Element",
			"from": [9, 19.5, 7],
			"to": [9.5, 23, 8],
			"faces": {
				"north": {"uv": [4.5, 4, 5, 7.5], "texture": "#cooked_porkchop", "cullface": "up"},
				"east": {"uv": [4.5, 4, 5, 7.5], "texture": "#cooked_porkchop", "cullface": "up"},
				"south": {"uv": [4.5, 4, 5, 7.5], "texture": "#cooked_porkchop", "cullface": "up"},
				"up": {"uv": [4.5, 3.5, 5, 4.5], "texture": "#cooked_porkchop", "cullface": "up"},
				"down": {"uv": [4.5, 7, 5, 7.5], "texture": "#cooked_porkchop", "cullface": "up"}
			}
		},
		{
			"name": "Element",
			"from": [9, 23, 7.25],
			"to": [9.5, 24.5, 7.75],
			"faces": {
				"north": {"uv": [4.5, 2.5, 5, 4], "texture": "#cooked_porkchop", "cullface": "up"},
				"east": {"uv": [4.5, 2.5, 5, 4], "texture": "#cooked_porkchop", "cullface": "up"},
				"south": {"uv": [4.5, 2.5, 5, 4], "texture": "#cooked_porkchop", "cullface": "up"},
				"west": {"uv": [4.5, 2.5, 5, 4], "texture": "#cooked_porkchop", "cullface": "up"},
				"up": {"uv": [9.5, 6.5, 10, 7], "texture": "#cooked_porkchop", "cullface": "up"}
			}
		},
		{
			"name": "Element",
			"from": [8.5, 19, 7],
			"to": [9, 24, 8],
			"faces": {
				"north": {"uv": [4, 3, 4.5, 8], "texture": "#cooked_porkchop", "cullface": "up"},
				"east": {"uv": [4, 3, 4.5, 8], "texture": "#cooked_porkchop", "cullface": "up"},
				"south": {"uv": [4, 3, 4.5, 8], "texture": "#cooked_porkchop", "cullface": "up"},
				"west": {"uv": [4, 3, 4.5, 8], "texture": "#cooked_porkchop", "cullface": "up"},
				"up": {"uv": [4, 3, 4.5, 4], "texture": "#cooked_porkchop", "cullface": "up"},
				"down": {"uv": [4, 7.5, 4.5, 8], "texture": "#cooked_porkchop", "cullface": "up"}
			}
		},
		{
			"name": "Element",
			"from": [8.5, 24, 7.25],
			"to": [9, 25, 7.75],
			"faces": {
				"north": {"uv": [4, 2, 4.5, 3], "texture": "#cooked_porkchop", "cullface": "up"},
				"east": {"uv": [4, 2, 4.5, 3], "texture": "#cooked_porkchop", "cullface": "up"},
				"south": {"uv": [4, 2, 4.5, 3], "texture": "#cooked_porkchop", "cullface": "up"},
				"west": {"uv": [4, 2, 4.5, 3], "texture": "#cooked_porkchop", "cullface": "up"},
				"up": {"uv": [9.5, 7, 10, 7.5], "texture": "#cooked_porkchop", "cullface": "up"}
			}
		},
		{
			"name": "Element",
			"from": [7, -7, 7],
			"to": [7.5, -2, 8],
			"faces": {
				"north": {"uv": [11.5, 8, 12, 13], "texture": "#cooked_porkchop", "cullface": "down"},
				"east": {"uv": [11.5, 8, 12, 13], "texture": "#cooked_porkchop", "cullface": "down"},
				"south": {"uv": [11.5, 8, 12, 13], "texture": "#cooked_porkchop", "cullface": "down"},
				"west": {"uv": [11.5, 8, 12, 13], "texture": "#cooked_porkchop", "cullface": "down"},
				"up": {"uv": [11.5, 8, 12, 8.5], "texture": "#cooked_porkchop", "cullface": "down"},
				"down": {"uv": [11.5, 12, 12, 13], "texture": "#cooked_porkchop", "cullface": "down"}
			}
		},
		{
			"name": "Element",
			"from": [7, -8, 7.25],
			"to": [7.5, -7, 7.75],
			"faces": {
				"north": {"uv": [11.5, 13, 12, 14], "texture": "#cooked_porkchop", "cullface": "down"},
				"east": {"uv": [11.5, 13, 12, 14], "texture": "#cooked_porkchop", "cullface": "down"},
				"south": {"uv": [11.5, 13, 12, 14], "texture": "#cooked_porkchop", "cullface": "down"},
				"west": {"uv": [11.5, 13, 12, 14], "texture": "#cooked_porkchop", "cullface": "down"},
				"down": {"uv": [12, 13.5, 12.5, 14], "texture": "#cooked_porkchop", "cullface": "down"}
			}
		},
		{
			"name": "Element",
			"from": [8, 23.5, 7],
			"to": [8.5, 24.5, 8],
			"faces": {
				"north": {"uv": [3.5, 2.5, 4, 3.5], "texture": "#cooked_porkchop", "cullface": "up"},
				"east": {"uv": [3.5, 2.5, 4, 3.5], "texture": "#cooked_porkchop", "cullface": "up"},
				"south": {"uv": [3.5, 2.5, 4, 3.5], "texture": "#cooked_porkchop", "cullface": "up"},
				"west": {"uv": [3.5, 2.5, 4, 3.5], "texture": "#cooked_porkchop", "cullface": "up"},
				"up": {"uv": [4.5, 2.5, 5, 3.5], "texture": "#cooked_porkchop", "cullface": "up"},
				"down": {"uv": [3, 2, 3.5, 3], "texture": "#cooked_porkchop", "cullface": "up"}
			}
		},
		{
			"name": "Element",
			"from": [7.5, 24, 7],
			"to": [8, 25, 8],
			"faces": {
				"north": {"uv": [3, 2, 3.5, 3], "texture": "#cooked_porkchop", "cullface": "up"},
				"east": {"uv": [3, 2, 3.5, 3], "texture": "#cooked_porkchop", "cullface": "up"},
				"south": {"uv": [3, 2, 3.5, 3], "texture": "#cooked_porkchop", "cullface": "up"},
				"west": {"uv": [3, 2, 3.5, 3], "texture": "#cooked_porkchop", "cullface": "up"},
				"up": {"uv": [3, 2, 3.5, 3], "texture": "#cooked_porkchop", "cullface": "up"},
				"down": {"uv": [3, 2, 3.5, 3], "texture": "#cooked_porkchop", "cullface": "up"}
			}
		},
		{
			"name": "Element",
			"from": [7, 25, 7],
			"to": [7.5, 25.5, 8],
			"faces": {
				"north": {"uv": [2.5, 1.5, 3, 2], "texture": "#cooked_porkchop", "cullface": "up"},
				"east": {"uv": [0.5, 0, 1.5, 0.5], "texture": "#cooked_porkchop", "cullface": "up"},
				"south": {"uv": [2.5, 1.5, 3, 2], "texture": "#cooked_porkchop", "cullface": "up"},
				"west": {"uv": [0.5, 0, 1.5, 0.5], "texture": "#cooked_porkchop", "cullface": "up"},
				"up": {"uv": [3, 2, 3.5, 3], "texture": "#cooked_porkchop", "cullface": "up"},
				"down": {"uv": [3, 2, 3.5, 3], "texture": "#cooked_porkchop", "cullface": "up"}
			}
		},
		{
			"name": "Element",
			"from": [6.5, 25.5, 7],
			"to": [7, 26, 8],
			"faces": {
				"north": {"uv": [2, 1, 2.5, 1.5], "texture": "#cooked_porkchop", "cullface": "up"},
				"east": {"uv": [0.5, 0, 1.5, 0.5], "texture": "#cooked_porkchop", "cullface": "up"},
				"south": {"uv": [2, 1, 2.5, 1.5], "texture": "#cooked_porkchop", "cullface": "up"},
				"west": {"uv": [0.5, 0, 1.5, 0.5], "texture": "#cooked_porkchop", "cullface": "up"},
				"up": {"uv": [3, 2, 3.5, 3], "texture": "#cooked_porkchop", "cullface": "up"},
				"down": {"uv": [3, 2, 3.5, 3], "texture": "#cooked_porkchop", "cullface": "up"}
			}
		},
		{
			"name": "Element",
			"from": [6, 26, 7],
			"to": [6.5, 26.5, 8],
			"faces": {
				"north": {"uv": [1.5, 0.5, 2, 1], "texture": "#cooked_porkchop", "cullface": "up"},
				"east": {"uv": [0.5, 0, 1.5, 0.5], "texture": "#cooked_porkchop", "cullface": "up"},
				"south": {"uv": [1.5, 0.5, 2, 1], "texture": "#cooked_porkchop", "cullface": "up"},
				"west": {"uv": [0.5, 0, 1.5, 0.5], "texture": "#cooked_porkchop", "cullface": "up"},
				"up": {"uv": [3, 2, 3.5, 3], "texture": "#cooked_porkchop", "cullface": "up"},
				"down": {"uv": [3, 2, 3.5, 3], "texture": "#cooked_porkchop", "cullface": "up"}
			}
		},
		{
			"name": "Element",
			"from": [7.5, -7.5, 7],
			"to": [8, -6.5, 8],
			"faces": {
				"north": {"uv": [12, 12.5, 12.5, 13.5], "texture": "#cooked_porkchop", "cullface": "down"},
				"east": {"uv": [12, 12.5, 12.5, 13.5], "texture": "#cooked_porkchop", "cullface": "down"},
				"south": {"uv": [12, 12.5, 12.5, 13.5], "texture": "#cooked_porkchop", "cullface": "down"},
				"west": {"uv": [12, 12.5, 12.5, 13.5], "texture": "#cooked_porkchop", "cullface": "down"},
				"up": {"uv": [12, 12.5, 12.5, 13.5], "texture": "#cooked_porkchop", "cullface": "down"},
				"down": {"uv": [12, 12.5, 12.5, 13.5], "texture": "#cooked_porkchop", "cullface": "down"}
			}
		},
		{
			"name": "Element",
			"from": [8, -8, 7],
			"to": [8.5, -7, 8],
			"faces": {
				"north": {"uv": [12.5, 13, 13, 14], "texture": "#cooked_porkchop", "cullface": "down"},
				"east": {"uv": [12.5, 13, 13, 14], "texture": "#cooked_porkchop", "cullface": "down"},
				"south": {"uv": [12.5, 13, 13, 14], "texture": "#cooked_porkchop", "cullface": "down"},
				"west": {"uv": [12.5, 13, 13, 14], "texture": "#cooked_porkchop", "cullface": "down"},
				"up": {"uv": [12.5, 13, 13, 14], "texture": "#cooked_porkchop", "cullface": "down"},
				"down": {"uv": [12.5, 13, 13, 14], "texture": "#cooked_porkchop", "cullface": "down"}
			}
		},
		{
			"name": "Element",
			"from": [8.5, -8.5, 7],
			"to": [9, -8, 8],
			"faces": {
				"north": {"uv": [13, 14, 13.5, 14.5], "texture": "#cooked_porkchop", "cullface": "down"},
				"east": {"uv": [13, 14, 13.5, 14.5], "texture": "#cooked_porkchop", "cullface": "down"},
				"south": {"uv": [13, 14, 13.5, 14.5], "texture": "#cooked_porkchop", "cullface": "down"},
				"west": {"uv": [13, 14, 13.5, 14.5], "texture": "#cooked_porkchop", "cullface": "down"},
				"up": {"uv": [12.5, 13, 13, 14], "texture": "#cooked_porkchop", "cullface": "down"},
				"down": {"uv": [12.5, 13, 13, 14], "texture": "#cooked_porkchop", "cullface": "down"}
			}
		},
		{
			"name": "Element",
			"from": [9, -9, 7],
			"to": [9.5, -8.5, 8],
			"faces": {
				"north": {"uv": [13.5, 14.5, 14, 15], "texture": "#cooked_porkchop", "cullface": "down"},
				"east": {"uv": [13.5, 14.5, 14, 15], "texture": "#cooked_porkchop", "cullface": "down"},
				"south": {"uv": [13.5, 14.5, 14, 15], "texture": "#cooked_porkchop", "cullface": "down"},
				"west": {"uv": [13.5, 14.5, 14, 15], "texture": "#cooked_porkchop", "cullface": "down"},
				"up": {"uv": [12.5, 13, 13, 14], "texture": "#cooked_porkchop", "cullface": "down"},
				"down": {"uv": [12.5, 13, 13, 14], "texture": "#cooked_porkchop", "cullface": "down"}
			}
		},
		{
			"name": "Element",
			"from": [9.5, -9.5, 7],
			"to": [10, -9, 8],
			"faces": {
				"north": {"uv": [14, 15, 14.5, 15.5], "texture": "#cooked_porkchop", "cullface": "down"},
				"east": {"uv": [14, 15, 14.5, 15.5], "texture": "#cooked_porkchop", "cullface": "down"},
				"south": {"uv": [14, 15, 14.5, 15.5], "texture": "#cooked_porkchop", "cullface": "down"},
				"west": {"uv": [14, 15, 14.5, 15.5], "texture": "#cooked_porkchop", "cullface": "down"},
				"up": {"uv": [12.5, 13, 13, 14], "texture": "#cooked_porkchop", "cullface": "down"},
				"down": {"uv": [12.5, 13, 13, 14], "texture": "#cooked_porkchop", "cullface": "down"}
			}
		},
		{
			"name": "Element",
			"from": [8, 24.5, 7.25],
			"to": [8.5, 25.5, 7.75],
			"faces": {
				"north": {"uv": [3.5, 1.5, 4, 2.5], "texture": "#cooked_porkchop", "cullface": "up"},
				"east": {"uv": [3.5, 1.5, 4, 2.5], "texture": "#cooked_porkchop", "cullface": "up"},
				"south": {"uv": [3.5, 1.5, 4, 2.5], "texture": "#cooked_porkchop", "cullface": "up"},
				"west": {"uv": [3.5, 1.5, 4, 2.5], "texture": "#cooked_porkchop", "cullface": "up"},
				"up": {"uv": [9.5, 7, 10, 7.5], "texture": "#cooked_porkchop", "cullface": "up"}
			}
		},
		{
			"name": "Element",
			"from": [7.5, 25, 7.25],
			"to": [8, 26, 7.75],
			"faces": {
				"north": {"uv": [3, 1, 3.5, 2], "texture": "#cooked_porkchop", "cullface": "up"},
				"east": {"uv": [3, 1, 3.5, 2], "texture": "#cooked_porkchop", "cullface": "up"},
				"south": {"uv": [3, 1, 3.5, 2], "texture": "#cooked_porkchop", "cullface": "up"},
				"west": {"uv": [3, 1, 3.5, 2], "texture": "#cooked_porkchop", "cullface": "up"},
				"up": {"uv": [5.5, 5, 6, 5.5], "texture": "#cooked_porkchop", "cullface": "up"}
			}
		},
		{
			"name": "Element",
			"from": [7, 25.5, 7.25],
			"to": [7.5, 26.5, 7.75],
			"faces": {
				"north": {"uv": [2.5, 0.5, 3, 1.5], "texture": "#cooked_porkchop", "cullface": "up"},
				"east": {"uv": [2.5, 0.5, 3, 1.5], "texture": "#cooked_porkchop", "cullface": "up"},
				"south": {"uv": [2.5, 0.5, 3, 1.5], "texture": "#cooked_porkchop", "cullface": "up"},
				"west": {"uv": [2.5, 0.5, 3, 1.5], "texture": "#cooked_porkchop", "cullface": "up"},
				"up": {"uv": [5.5, 6, 6, 6.5], "texture": "#cooked_porkchop", "cullface": "up"}
			}
		},
		{
			"name": "Element",
			"from": [6.5, 26, 7.25],
			"to": [7, 26.5, 7.75],
			"faces": {
				"north": {"uv": [2, 0.5, 2.5, 1], "texture": "#cooked_porkchop", "cullface": "up"},
				"south": {"uv": [2, 0.5, 2.5, 1], "texture": "#cooked_porkchop", "cullface": "up"},
				"up": {"uv": [6, 6.5, 6.5, 7], "texture": "#cooked_porkchop", "cullface": "up"}
			}
		},
		{
			"name": "Element",
			"from": [4.5, 26.5, 7.25],
			"to": [6.5, 27, 7.75],
			"faces": {
				"north": {"uv": [0, 0, 2, 0.5], "texture": "#cooked_porkchop", "cullface": "up"},
				"east": {"uv": [1.5, 0, 2, 0.5], "texture": "#cooked_porkchop", "cullface": "up"},
				"south": {"uv": [0, 0, 2, 0.5], "texture": "#cooked_porkchop", "cullface": "up"},
				"west": {"uv": [0, 0, 0.5, 0.5], "texture": "#cooked_porkchop", "cullface": "up"},
				"up": {"uv": [0, 0, 2, 0.5], "texture": "#cooked_porkchop", "cullface": "up"},
				"down": {"uv": [0, 0, 2, 0.5], "texture": "#cooked_porkchop", "cullface": "up"}
			}
		},
		{
			"name": "Element",
			"from": [7.5, -8.5, 7.25],
			"to": [8, -7.5, 7.75],
			"faces": {
				"north": {"uv": [12, 13.5, 12.5, 14.5], "texture": "#cooked_porkchop", "cullface": "down"},
				"east": {"uv": [11.5, 13, 12, 14], "texture": "#cooked_porkchop", "cullface": "down"},
				"south": {"uv": [12, 13.5, 12.5, 14.5], "texture": "#cooked_porkchop", "cullface": "down"},
				"west": {"uv": [11.5, 13, 12, 14], "texture": "#cooked_porkchop", "cullface": "down"},
				"down": {"uv": [12, 13.5, 12.5, 14], "texture": "#cooked_porkchop", "cullface": "down"}
			}
		},
		{
			"name": "Element",
			"from": [8, -9, 7.25],
			"to": [8.5, -8, 7.75],
			"faces": {
				"north": {"uv": [12.5, 14, 13, 15], "texture": "#cooked_porkchop", "cullface": "down"},
				"east": {"uv": [12.5, 14, 13, 15], "texture": "#cooked_porkchop", "cullface": "down"},
				"south": {"uv": [12.5, 14, 13, 15], "texture": "#cooked_porkchop", "cullface": "down"},
				"west": {"uv": [12.5, 14, 13, 15], "texture": "#cooked_porkchop", "cullface": "down"},
				"down": {"uv": [13, 14.5, 13.5, 15], "texture": "#cooked_porkchop", "cullface": "down"}
			}
		},
		{
			"name": "Element",
			"from": [8.5, -9.5, 7.25],
			"to": [9, -8.5, 7.75],
			"faces": {
				"north": {"uv": [13, 14.5, 13.5, 15.5], "texture": "#cooked_porkchop", "cullface": "down"},
				"east": {"uv": [13, 14.5, 13.5, 15.5], "texture": "#cooked_porkchop", "cullface": "down"},
				"south": {"uv": [13, 14.5, 13.5, 15.5], "texture": "#cooked_porkchop", "cullface": "down"},
				"west": {"uv": [13, 14.5, 13.5, 15.5], "texture": "#cooked_porkchop", "cullface": "down"},
				"down": {"uv": [13, 15, 13.5, 15.5], "texture": "#cooked_porkchop", "cullface": "down"}
			}
		},
		{
			"name": "Element",
			"from": [9, -9.5, 7.25],
			"to": [9.5, -9, 7.75],
			"faces": {
				"north": {"uv": [13.5, 15, 14, 15.5], "texture": "#cooked_porkchop", "cullface": "down"},
				"south": {"uv": [13.5, 15, 14, 15.5], "texture": "#cooked_porkchop", "cullface": "down"},
				"down": {"uv": [13.5, 15, 14, 15.5], "texture": "#cooked_porkchop", "cullface": "down"}
			}
		},
		{
			"name": "Element",
			"from": [9.5, -10, 7.25],
			"to": [11.5, -9.5, 7.75],
			"faces": {
				"north": {"uv": [14, 15.5, 16, 16], "texture": "#cooked_porkchop", "cullface": "down"},
				"east": {"uv": [15.5, 15.5, 16, 16], "texture": "#cooked_porkchop", "cullface": "down"},
				"south": {"uv": [14, 15.5, 16, 16], "texture": "#cooked_porkchop", "cullface": "down"},
				"west": {"uv": [14, 15.5, 14.5, 16], "texture": "#cooked_porkchop", "cullface": "down"},
				"up": {"uv": [14, 15.5, 16, 16], "texture": "#cooked_porkchop", "cullface": "down"},
				"down": {"uv": [14, 15.5, 16, 16], "texture": "#cooked_porkchop", "cullface": "down"}
			}
		},
		{
			"name": "Element",
			"from": [8, 18.5, 7],
			"to": [8.5, 19.5, 8],
			"faces": {
				"north": {"uv": [3.5, 7.5, 4, 8.5], "texture": "#cooked_porkchop", "cullface": "up"},
				"east": {"uv": [3.5, 7.5, 4, 8.5], "texture": "#cooked_porkchop", "cullface": "up"},
				"south": {"uv": [3.5, 7.5, 4, 8.5], "texture": "#cooked_porkchop", "cullface": "up"},
				"west": {"uv": [3.5, 7.5, 4, 8.5], "texture": "#cooked_porkchop", "cullface": "up"},
				"up": {"uv": [3.5, 7.5, 4, 8], "texture": "#cooked_porkchop", "cullface": "up"},
				"down": {"uv": [3.5, 8, 4, 8.5], "texture": "#cooked_porkchop", "cullface": "up"}
			}
		},
		{
			"name": "Element",
			"from": [7.5, 18, 7],
			"to": [8, 19, 8],
			"faces": {
				"north": {"uv": [3, 8, 3.5, 9], "texture": "#cooked_porkchop", "cullface": "up"},
				"east": {"uv": [3, 8, 3.5, 9], "texture": "#cooked_porkchop", "cullface": "up"},
				"south": {"uv": [3, 8, 3.5, 9], "texture": "#cooked_porkchop", "cullface": "up"},
				"west": {"uv": [3, 8, 3.5, 9], "texture": "#cooked_porkchop", "cullface": "up"},
				"up": {"uv": [3, 8, 3.5, 8.5], "texture": "#cooked_porkchop", "cullface": "up"},
				"down": {"uv": [3, 8.5, 3.5, 9], "texture": "#cooked_porkchop", "cullface": "up"}
			}
		},
		{
			"name": "Element",
			"from": [6.5, 17.5, 7],
			"to": [7.5, 18.5, 8],
			"faces": {
				"north": {"uv": [2, 8.5, 3, 9.5], "texture": "#cooked_porkchop", "cullface": "up"},
				"east": {"uv": [2.5, 8.5, 3, 9.5], "texture": "#cooked_porkchop", "cullface": "up"},
				"south": {"uv": [2, 8.5, 3, 9.5], "texture": "#cooked_porkchop", "cullface": "up"},
				"west": {"uv": [2, 8.5, 2.5, 9.5], "texture": "#cooked_porkchop", "cullface": "up"},
				"up": {"uv": [2, 8.5, 3, 9], "texture": "#cooked_porkchop", "cullface": "up"},
				"down": {"uv": [2, 9, 3, 9.5], "texture": "#cooked_porkchop", "cullface": "up"}
			}
		},
		{
			"name": "Element",
			"from": [6, 17.5, 7],
			"to": [6.5, 18, 8],
			"faces": {
				"north": {"uv": [1.5, 9, 2, 9.5], "texture": "#cooked_porkchop", "cullface": "up"},
				"south": {"uv": [1.5, 9, 2, 9.5], "texture": "#cooked_porkchop", "cullface": "up"},
				"west": {"uv": [1.5, 9, 2, 9.5], "texture": "#cooked_porkchop", "cullface": "up"},
				"up": {"uv": [1.5, 9, 2, 9.5], "texture": "#cooked_porkchop", "cullface": "up"},
				"down": {"uv": [1.5, 9, 2, 9.5], "texture": "#cooked_porkchop", "cullface": "up"}
			}
		},
		{
			"name": "Element",
			"from": [7, 17, 7],
			"to": [8.5, 17.5, 8],
			"faces": {
				"north": {"uv": [4, 9.5, 2.5, 10], "texture": "#cooked_porkchop", "cullface": "up"},
				"east": {"uv": [3.5, 9.5, 4, 10], "texture": "#cooked_porkchop", "cullface": "up"},
				"south": {"uv": [2.5, 9.5, 4, 10], "texture": "#cooked_porkchop", "cullface": "up"},
				"west": {"uv": [2.5, 9.5, 3, 10], "texture": "#cooked_porkchop", "cullface": "up"},
				"up": {"uv": [2.5, 9.5, 4, 10], "texture": "#cooked_porkchop", "cullface": "up"},
				"down": {"uv": [2.5, 9.5, 4, 10], "texture": "#cooked_porkchop", "cullface": "up"}
			}
		},
		{
			"name": "Element",
			"from": [8, 16.5, 7],
			"to": [9, 17, 8],
			"faces": {
				"north": {"uv": [4.5, 10, 3.5, 10.5], "texture": "#cooked_porkchop", "cullface": "up"},
				"east": {"uv": [4, 10, 4.5, 10.5], "texture": "#cooked_porkchop", "cullface": "up"},
				"south": {"uv": [3.5, 10, 4.5, 10.5], "texture": "#cooked_porkchop", "cullface": "up"},
				"west": {"uv": [3.5, 10, 4, 10.5], "texture": "#cooked_porkchop", "cullface": "up"},
				"up": {"uv": [3.5, 10, 4.5, 10.5], "texture": "#cooked_porkchop", "cullface": "up"},
				"down": {"uv": [3.5, 10, 4.5, 10.5], "texture": "#cooked_porkchop", "cullface": "up"}
			}
		},
		{
			"name": "Element",
			"from": [8.5, 16, 7],
			"to": [9.5, 16.5, 8],
			"faces": {
				"north": {"uv": [5, 10.5, 4, 11], "texture": "#cooked_porkchop", "cullface": "up"},
				"south": {"uv": [4, 10.5, 5, 11], "texture": "#cooked_porkchop", "cullface": "up"},
				"west": {"uv": [4, 10.5, 4.5, 11], "texture": "#cooked_porkchop", "cullface": "up"},
				"up": {"uv": [4, 10.5, 5, 11], "texture": "#cooked_porkchop", "cullface": "up"},
				"down": {"uv": [4, 10.5, 5, 11], "texture": "#cooked_porkchop", "cullface": "up"}
			}
		},
		{
			"name": "Element",
			"from": [7.5, -2.5, 7],
			"to": [8, -1.5, 8],
			"faces": {
				"north": {"uv": [12, 7.5, 12.5, 8.5], "texture": "#cooked_porkchop", "cullface": "down"},
				"east": {"uv": [12, 7.5, 12.5, 8.5], "texture": "#cooked_porkchop", "cullface": "down"},
				"south": {"uv": [12, 7.5, 12.5, 8.5], "texture": "#cooked_porkchop", "cullface": "down"},
				"west": {"uv": [12, 7.5, 12.5, 8.5], "texture": "#cooked_porkchop", "cullface": "down"},
				"up": {"uv": [12, 7.5, 12.5, 8], "texture": "#cooked_porkchop", "cullface": "down"},
				"down": {"uv": [12, 8, 12.5, 8.5], "texture": "#cooked_porkchop", "cullface": "down"}
			}
		},
		{
			"name": "Element",
			"from": [8, -2, 7],
			"to": [8.5, -1, 8],
			"faces": {
				"north": {"uv": [12.5, 7, 13, 8], "texture": "#cooked_porkchop", "cullface": "down"},
				"east": {"uv": [12.5, 7, 13, 8], "texture": "#cooked_porkchop", "cullface": "down"},
				"south": {"uv": [12.5, 7, 13, 8], "texture": "#cooked_porkchop", "cullface": "down"},
				"west": {"uv": [12.5, 7, 13, 8], "texture": "#cooked_porkchop", "cullface": "down"},
				"up": {"uv": [12.5, 7, 13, 7.5], "texture": "#cooked_porkchop", "cullface": "down"},
				"down": {"uv": [12.5, 7.5, 13, 8], "texture": "#cooked_porkchop", "cullface": "down"}
			}
		},
		{
			"name": "Element",
			"from": [8.5, -1.5, 7],
			"to": [9.5, -0.5, 8],
			"faces": {
				"north": {"uv": [14, 6.5, 13, 7.5], "texture": "#cooked_porkchop", "cullface": "down"},
				"east": {"uv": [13, 6.5, 14, 7.5], "texture": "#cooked_porkchop", "cullface": "down"},
				"south": {"uv": [13, 6.5, 14, 7.5], "texture": "#cooked_porkchop", "cullface": "down"},
				"west": {"uv": [13, 6.5, 14, 7.5], "texture": "#cooked_porkchop", "cullface": "down"},
				"up": {"uv": [13, 6.5, 14, 7], "texture": "#cooked_porkchop", "cullface": "down"},
				"down": {"uv": [13, 7.5, 14, 7], "texture": "#cooked_porkchop", "cullface": "down"}
			}
		},
		{
			"name": "Element",
			"from": [9.5, -1, 7],
			"to": [10, -0.5, 8],
			"faces": {
				"north": {"uv": [14, 6.5, 14.5, 7], "texture": "#cooked_porkchop", "cullface": "down"},
				"east": {"uv": [14, 6.5, 14.5, 7], "texture": "#cooked_porkchop", "cullface": "down"},
				"south": {"uv": [14, 6.5, 14.5, 7], "texture": "#cooked_porkchop", "cullface": "down"},
				"up": {"uv": [14, 6.5, 14.5, 7], "texture": "#cooked_porkchop", "cullface": "down"},
				"down": {"uv": [14, 6.5, 14.5, 7], "texture": "#cooked_porkchop", "cullface": "down"}
			}
		},
		{
			"name": "Element",
			"from": [7.5, -0.5, 7],
			"to": [9, 0, 8],
			"faces": {
				"north": {"uv": [12, 6, 13.5, 6.5], "texture": "#cooked_porkchop", "cullface": "down"},
				"east": {"uv": [12.5, 6, 13.5, 6.5], "texture": "#cooked_porkchop", "cullface": "down"},
				"south": {"uv": [12, 6, 13.5, 6.5], "texture": "#cooked_porkchop", "cullface": "down"},
				"west": {"uv": [12, 6, 13, 6.5], "texture": "#cooked_porkchop", "cullface": "down"},
				"up": {"uv": [12, 6, 13.5, 6.5], "texture": "#cooked_porkchop", "cullface": "down"},
				"down": {"uv": [12, 6, 13.5, 6.5], "texture": "#cooked_porkchop", "cullface": "down"}
			}
		},
		{
			"name": "Element",
			"from": [7, 0, 7],
			"to": [8, 0.5, 8],
			"faces": {
				"north": {"uv": [12.5, 5.5, 11.5, 6], "texture": "#cooked_porkchop"},
				"east": {"uv": [11.5, 5, 12, 5.5], "texture": "#cooked_porkchop"},
				"south": {"uv": [11.5, 5.5, 12.5, 6], "texture": "#cooked_porkchop"},
				"west": {"uv": [11.5, 5.5, 12, 6], "texture": "#cooked_porkchop"},
				"up": {"uv": [11.5, 5.5, 12.5, 6], "texture": "#cooked_porkchop"},
				"down": {"uv": [11.5, 5.5, 12.5, 6], "texture": "#cooked_porkchop", "cullface": "down"}
			}
		},
		{
			"name": "Element",
			"from": [6.5, 0.5, 7],
			"to": [7.5, 1, 8],
			"faces": {
				"north": {"uv": [11, 5, 12, 5.5], "texture": "#cooked_porkchop"},
				"east": {"uv": [11.5, 5, 12, 5.5], "texture": "#cooked_porkchop"},
				"south": {"uv": [11, 5, 12, 5.5], "texture": "#cooked_porkchop"},
				"up": {"uv": [11, 5, 12, 5.5], "texture": "#cooked_porkchop"},
				"down": {"uv": [11, 5, 12, 5.5], "texture": "#cooked_porkchop"}
			}
		},
		{
			"name": "Element",
			"from": [5, 26, 7.25],
			"to": [6, 26.5, 7.75],
			"faces": {
				"north": {"uv": [0.5, 0.5, 1.5, 1], "texture": "#cooked_porkchop", "cullface": "up"},
				"south": {"uv": [0.5, 0.5, 1.5, 1], "texture": "#cooked_porkchop", "cullface": "up"},
				"west": {"uv": [0.5, 0.5, 1, 1], "texture": "#cooked_porkchop", "cullface": "up"},
				"down": {"uv": [0.5, 0.5, 1.5, 1], "texture": "#cooked_porkchop", "cullface": "up"}
			}
		},
		{
			"name": "Element",
			"from": [5.5, 25.5, 7.25],
			"to": [6.5, 26, 7.75],
			"faces": {
				"north": {"uv": [1, 1, 2, 1.5], "texture": "#cooked_porkchop", "cullface": "up"},
				"south": {"uv": [1, 1, 2, 1.5], "texture": "#cooked_porkchop", "cullface": "up"},
				"west": {"uv": [1, 1, 1.5, 1.5], "texture": "#cooked_porkchop", "cullface": "up"},
				"up": {"uv": [1, 1, 2, 1.5], "texture": "#cooked_porkchop", "cullface": "up"},
				"down": {"uv": [1, 1, 2, 1.5], "texture": "#cooked_porkchop", "cullface": "up"}
			}
		},
		{
			"name": "Element",
			"from": [6, 25, 7.25],
			"to": [7, 25.5, 7.75],
			"faces": {
				"north": {"uv": [1.5, 1.5, 2.5, 2], "texture": "#cooked_porkchop", "cullface": "up"},
				"south": {"uv": [1.5, 1.5, 2.5, 2], "texture": "#cooked_porkchop", "cullface": "up"},
				"west": {"uv": [1.5, 1.5, 2, 2], "texture": "#cooked_porkchop", "cullface": "up"},
				"up": {"uv": [1.5, 1.5, 2.5, 2], "texture": "#cooked_porkchop", "cullface": "up"},
				"down": {"uv": [1.5, 1.5, 2.5, 2], "texture": "#cooked_porkchop", "cullface": "up"}
			}
		},
		{
			"name": "Element",
			"from": [6.5, 24.5, 7.25],
			"to": [7.5, 25, 7.75],
			"faces": {
				"north": {"uv": [2, 2, 3, 2.5], "texture": "#cooked_porkchop", "cullface": "up"},
				"south": {"uv": [2, 2, 3, 2.5], "texture": "#cooked_porkchop", "cullface": "up"},
				"west": {"uv": [2, 2, 2.5, 2.5], "texture": "#cooked_porkchop", "cullface": "up"},
				"up": {"uv": [2, 2, 3, 2.5], "texture": "#cooked_porkchop", "cullface": "up"},
				"down": {"uv": [2, 2, 3, 2.5], "texture": "#cooked_porkchop", "cullface": "up"}
			}
		},
		{
			"name": "Element",
			"from": [10, -9.5, 7.25],
			"to": [11, -9, 7.75],
			"faces": {
				"north": {"uv": [14.5, 15, 15.5, 15.5], "texture": "#cooked_porkchop", "cullface": "down"},
				"east": {"uv": [15, 15, 15.5, 15.5], "texture": "#cooked_porkchop", "cullface": "down"},
				"south": {"uv": [14.5, 15, 15.5, 15.5], "texture": "#cooked_porkchop", "cullface": "down"},
				"up": {"uv": [14.5, 15, 15.5, 15.5], "texture": "#cooked_porkchop", "cullface": "down"}
			}
		},
		{
			"name": "Element",
			"from": [9.5, -9, 7.25],
			"to": [10.5, -8.5, 7.75],
			"faces": {
				"north": {"uv": [14, 14.5, 15, 15], "texture": "#cooked_porkchop", "cullface": "down"},
				"east": {"uv": [14.5, 14.5, 15, 15], "texture": "#cooked_porkchop", "cullface": "down"},
				"south": {"uv": [14, 14.5, 15, 15], "texture": "#cooked_porkchop", "cullface": "down"},
				"up": {"uv": [14, 14.5, 15, 15], "texture": "#cooked_porkchop", "cullface": "down"},
				"down": {"uv": [14, 14.5, 15, 15], "texture": "#cooked_porkchop", "cullface": "down"}
			}
		},
		{
			"name": "Element",
			"from": [9, -8.5, 7.25],
			"to": [10, -8, 7.75],
			"faces": {
				"north": {"uv": [13.5, 14, 14.5, 14.5], "texture": "#cooked_porkchop", "cullface": "down"},
				"east": {"uv": [14, 14, 14.5, 14.5], "texture": "#cooked_porkchop", "cullface": "down"},
				"south": {"uv": [13.5, 14, 14.5, 14.5], "texture": "#cooked_porkchop", "cullface": "down"},
				"up": {"uv": [13.5, 14, 14.5, 14.5], "texture": "#cooked_porkchop", "cullface": "down"},
				"down": {"uv": [13.5, 14, 14.5, 14.5], "texture": "#cooked_porkchop", "cullface": "down"}
			}
		},
		{
			"name": "Element",
			"from": [8.5, -8, 7.25],
			"to": [9.5, -7.5, 7.75],
			"faces": {
				"north": {"uv": [13, 13.5, 14, 14], "texture": "#cooked_porkchop", "cullface": "down"},
				"east": {"uv": [13.5, 13.5, 14, 14], "texture": "#cooked_porkchop", "cullface": "down"},
				"south": {"uv": [13, 13.5, 14, 14], "texture": "#cooked_porkchop", "cullface": "down"},
				"up": {"uv": [13, 13.5, 14, 14], "texture": "#cooked_porkchop", "cullface": "down"},
				"down": {"uv": [13, 13.5, 14, 14], "texture": "#cooked_porkchop", "cullface": "down"}
			}
		},
		{
			"name": "Element",
			"from": [7, 23, 7.25],
			"to": [7.5, 24.5, 7.75],
			"faces": {
				"north": {"uv": [2.5, 2.5, 3, 4], "texture": "#cooked_porkchop", "cullface": "up"},
				"east": {"uv": [2.5, 2.5, 3, 4], "texture": "#cooked_porkchop", "cullface": "up"},
				"south": {"uv": [2.5, 2.5, 3, 4], "texture": "#cooked_porkchop", "cullface": "up"},
				"west": {"uv": [2.5, 2.5, 3, 4], "texture": "#cooked_porkchop", "cullface": "up"},
				"down": {"uv": [2.5, 2.5, 3, 3], "texture": "#cooked_porkchop", "cullface": "up"}
			}
		},
		{
			"name": "Element",
			"from": [8, 19.5, 7.25],
			"to": [8.5, 23.5, 7.75],
			"faces": {
				"north": {"uv": [3.5, 3.5, 4, 7.5], "texture": "#cooked_porkchop", "cullface": "up"},
				"south": {"uv": [3.5, 3.5, 4, 7.5], "texture": "#cooked_porkchop", "cullface": "up"}
			}
		},
		{
			"name": "Element",
			"from": [7.5, 19, 7.25],
			"to": [8, 24, 7.75],
			"faces": {
				"north": {"uv": [3, 3, 3.5, 8], "texture": "#cooked_porkchop", "cullface": "up"},
				"east": {"uv": [3, 3, 3.5, 8], "texture": "#cooked_porkchop", "cullface": "up"},
				"south": {"uv": [3, 3, 3.5, 8], "texture": "#cooked_porkchop", "cullface": "up"},
				"west": {"uv": [3, 3, 3.5, 8], "texture": "#cooked_porkchop", "cullface": "up"}
			}
		},
		{
			"name": "Element",
			"from": [8.5, -7.5, 7.25],
			"to": [9, -6, 7.75],
			"faces": {
				"north": {"uv": [13, 12, 13.5, 13.5], "texture": "#cooked_porkchop", "cullface": "down"},
				"east": {"uv": [13, 12, 13.5, 13.5], "texture": "#cooked_porkchop", "cullface": "down"},
				"south": {"uv": [13, 12, 13.5, 13.5], "texture": "#cooked_porkchop", "cullface": "down"},
				"west": {"uv": [13, 12, 13.5, 13.5], "texture": "#cooked_porkchop", "cullface": "down"},
				"up": {"uv": [13, 12, 13.5, 12.5], "texture": "#cooked_porkchop", "cullface": "down"}
			}
		},
		{
			"name": "Element",
			"from": [7.5, -6.5, 7.25],
			"to": [8, -2.5, 7.75],
			"faces": {
				"north": {"uv": [12, 8.5, 12.5, 12.5], "texture": "#cooked_porkchop", "cullface": "down"},
				"south": {"uv": [12, 8.5, 12.5, 12.5], "texture": "#cooked_porkchop", "cullface": "down"}
			}
		},
		{
			"name": "Element",
			"from": [8, -7, 7.25],
			"to": [8.5, -2, 7.75],
			"faces": {
				"north": {"uv": [12.5, 8, 13, 13], "texture": "#cooked_porkchop", "cullface": "down"},
				"east": {"uv": [12.5, 8, 13, 13], "texture": "#cooked_porkchop", "cullface": "down"},
				"south": {"uv": [12.5, 8, 13, 13], "texture": "#cooked_porkchop", "cullface": "down"},
				"west": {"uv": [12.5, 8, 13, 13], "texture": "#cooked_porkchop", "cullface": "down"}
			}
		},
		{
			"name": "Element",
			"from": [7, 18.5, 7.25],
			"to": [7.5, 20, 7.75],
			"faces": {
				"north": {"uv": [2.5, 7, 3, 8.5], "texture": "#cooked_porkchop", "cullface": "up"},
				"east": {"uv": [2.5, 7, 3, 8.5], "texture": "#cooked_porkchop", "cullface": "up"},
				"south": {"uv": [2.5, 7, 3, 8.5], "texture": "#cooked_porkchop", "cullface": "up"},
				"west": {"uv": [2.5, 7, 3, 8.5], "texture": "#cooked_porkchop", "cullface": "up"},
				"up": {"uv": [2.5, 7, 3, 7.5], "texture": "#cooked_porkchop", "cullface": "up"}
			}
		},
		{
			"name": "Element",
			"from": [6.5, 18.5, 7.25],
			"to": [7, 19.5, 7.75],
			"faces": {
				"north": {"uv": [2, 7.5, 2.5, 8.5], "texture": "#cooked_porkchop", "cullface": "up"},
				"south": {"uv": [2, 7.5, 2.5, 8.5], "texture": "#cooked_porkchop", "cullface": "up"},
				"west": {"uv": [2, 7.5, 2.5, 8.5], "texture": "#cooked_porkchop", "cullface": "up"},
				"up": {"uv": [2, 7.5, 2.5, 8], "texture": "#cooked_porkchop", "cullface": "up"}
			}
		},
		{
			"name": "Element",
			"from": [6, 18, 7.25],
			"to": [6.5, 19, 7.75],
			"faces": {
				"north": {"uv": [1.5, 8, 2, 9], "texture": "#cooked_porkchop", "cullface": "up"},
				"east": {"uv": [1.5, 8, 2, 9], "texture": "#cooked_porkchop", "cullface": "up"},
				"south": {"uv": [1.5, 8, 2, 9], "texture": "#cooked_porkchop", "cullface": "up"},
				"west": {"uv": [1.5, 8, 2, 9], "texture": "#cooked_porkchop", "cullface": "up"},
				"up": {"uv": [1.5, 8, 2, 8.5], "texture": "#cooked_porkchop", "cullface": "up"}
			}
		},
		{
			"name": "Element",
			"from": [5, 17, 7.25],
			"to": [6, 18.5, 7.75],
			"faces": {
				"north": {"uv": [1.5, 8.5, 0.5, 10], "texture": "#cooked_porkchop", "cullface": "up"},
				"east": {"uv": [1, 8.5, 1.5, 10], "texture": "#cooked_porkchop", "cullface": "up"},
				"south": {"uv": [0.5, 8.5, 1.5, 10], "texture": "#cooked_porkchop", "cullface": "up"},
				"west": {"uv": [0.5, 8.5, 1, 10], "texture": "#cooked_porkchop", "cullface": "up"},
				"up": {"uv": [0.5, 8.5, 1.5, 9], "texture": "#cooked_porkchop", "cullface": "up"},
				"down": {"uv": [0.5, 9.5, 1.5, 10], "texture": "#cooked_porkchop", "cullface": "up"}
			}
		},
		{
			"name": "Element",
			"from": [4.5, 17.5, 7.25],
			"to": [5, 18, 7.75],
			"faces": {
				"north": {"uv": [0, 9, 0.5, 9.5], "texture": "#cooked_porkchop", "cullface": "up"},
				"south": {"uv": [0, 9, 0.5, 9.5], "texture": "#cooked_porkchop", "cullface": "up"},
				"west": {"uv": [0, 9, 0.5, 9.5], "texture": "#cooked_porkchop", "cullface": "up"},
				"up": {"uv": [0, 9, 0.5, 9.5], "texture": "#cooked_porkchop", "cullface": "up"},
				"down": {"uv": [0, 9, 0.5, 9.5], "texture": "#cooked_porkchop", "cullface": "up"}
			}
		},
		{
			"name": "Element",
			"from": [8.5, -3, 7.25],
			"to": [9, -1.5, 7.75],
			"faces": {
				"north": {"uv": [13, 7.5, 13.5, 9], "texture": "#cooked_porkchop", "cullface": "down"},
				"east": {"uv": [13, 7.5, 13.5, 9], "texture": "#cooked_porkchop", "cullface": "down"},
				"south": {"uv": [13, 7.5, 13.5, 9], "texture": "#cooked_porkchop", "cullface": "down"},
				"west": {"uv": [13, 7.5, 13.5, 9], "texture": "#cooked_porkchop", "cullface": "down"},
				"down": {"uv": [13, 8.5, 13.5, 9], "texture": "#cooked_porkchop", "cullface": "down"}
			}
		},
		{
			"name": "Element",
			"from": [9, -2.5, 7.25],
			"to": [9.5, -1.5, 7.75],
			"faces": {
				"north": {"uv": [13.5, 7.5, 14, 8.5], "texture": "#cooked_porkchop", "cullface": "down"},
				"east": {"uv": [13.5, 7.5, 14, 8.5], "texture": "#cooked_porkchop", "cullface": "down"},
				"south": {"uv": [13.5, 7.5, 14, 8.5], "texture": "#cooked_porkchop", "cullface": "down"},
				"down": {"uv": [13.5, 8, 14, 8.5], "texture": "#cooked_porkchop", "cullface": "down"}
			}
		},
		{
			"name": "Element",
			"from": [9.5, -2, 7.25],
			"to": [10, -1, 7.75],
			"faces": {
				"north": {"uv": [14, 7, 14.5, 8], "texture": "#cooked_porkchop", "cullface": "down"},
				"east": {"uv": [14, 7, 14.5, 8], "texture": "#cooked_porkchop", "cullface": "down"},
				"south": {"uv": [14, 7, 14.5, 8], "texture": "#cooked_porkchop", "cullface": "down"},
				"west": {"uv": [14, 7, 14.5, 8], "texture": "#cooked_porkchop", "cullface": "down"},
				"down": {"uv": [14, 7.5, 14.5, 8], "texture": "#cooked_porkchop", "cullface": "down"}
			}
		},
		{
			"name": "Element",
			"from": [10, -1.5, 7.25],
			"to": [11, 0, 7.75],
			"faces": {
				"north": {"uv": [15.5, 6, 14.5, 7.5], "texture": "#cooked_porkchop", "cullface": "down"},
				"east": {"uv": [15, 6, 15.5, 7.5], "texture": "#cooked_porkchop", "cullface": "down"},
				"south": {"uv": [14.5, 6, 15.5, 7.5], "texture": "#cooked_porkchop", "cullface": "down"},
				"west": {"uv": [14.5, 6, 15, 7.5], "texture": "#cooked_porkchop", "cullface": "down"},
				"up": {"uv": [14.5, 6, 15.5, 6.5], "texture": "#cooked_porkchop", "cullface": "down"},
				"down": {"uv": [14.5, 7, 15.5, 7.5], "texture": "#cooked_porkchop", "cullface": "down"}
			}
		},
		{
			"name": "Element",
			"from": [11, -1, 7.25],
			"to": [11.5, -0.5, 7.75],
			"faces": {
				"north": {"uv": [15.5, 6.5, 16, 7], "texture": "#cooked_porkchop", "cullface": "down"},
				"east": {"uv": [15.5, 6.5, 16, 7], "texture": "#cooked_porkchop", "cullface": "down"},
				"south": {"uv": [15.5, 6.5, 16, 7], "texture": "#cooked_porkchop", "cullface": "down"},
				"up": {"uv": [15.5, 6.5, 16, 7], "texture": "#cooked_porkchop", "cullface": "down"},
				"down": {"uv": [15.5, 6.5, 16, 7], "texture": "#cooked_porkchop", "cullface": "down"}
			}
		},
		{
			"name": "Element",
			"from": [9, -0.5, 7.25],
			"to": [10, 0.5, 7.75],
			"faces": {
				"north": {"uv": [14.5, 5.5, 13.5, 6.5], "texture": "#cooked_porkchop", "cullface": "down"},
				"east": {"uv": [14, 5.5, 14.5, 6.5], "texture": "#cooked_porkchop", "cullface": "down"},
				"south": {"uv": [13.5, 5.5, 14.5, 6.5], "texture": "#cooked_porkchop", "cullface": "down"},
				"west": {"uv": [13.5, 5.5, 14, 6.5], "texture": "#cooked_porkchop", "cullface": "down"},
				"up": {"uv": [13.5, 5.5, 14.5, 6], "texture": "#cooked_porkchop", "cullface": "down"},
				"down": {"uv": [13.5, 6, 14.5, 6.5], "texture": "#cooked_porkchop", "cullface": "down"}
			}
		},
		{
			"name": "Element",
			"from": [8.5, 0, 7.25],
			"to": [9, 1, 7.75],
			"faces": {
				"north": {"uv": [13, 5, 13.5, 6], "texture": "#cooked_porkchop"},
				"east": {"uv": [13, 5, 13.5, 6], "texture": "#cooked_porkchop"},
				"south": {"uv": [13, 5, 13.5, 6], "texture": "#cooked_porkchop"},
				"up": {"uv": [13, 5, 13.5, 5.5], "texture": "#cooked_porkchop"}
			}
		},
		{
			"name": "Element",
			"from": [8, 0, 7.25],
			"to": [8.5, 1.5, 7.75],
			"faces": {
				"north": {"uv": [12.5, 4.5, 13, 6], "texture": "#cooked_porkchop"},
				"east": {"uv": [12.5, 4.5, 13, 6], "texture": "#cooked_porkchop"},
				"south": {"uv": [12.5, 4.5, 13, 6], "texture": "#cooked_porkchop"},
				"west": {"uv": [12.5, 4.5, 13, 6], "texture": "#cooked_porkchop"}
			}
		},
		{
			"name": "Element",
			"from": [7.5, 0.5, 7.25],
			"to": [8, 2, 7.75],
			"faces": {
				"north": {"uv": [12, 4, 12.5, 5.5], "texture": "#cooked_porkchop"},
				"east": {"uv": [12, 4, 12.5, 5.5], "texture": "#cooked_porkchop"},
				"south": {"uv": [12, 4, 12.5, 5.5], "texture": "#cooked_porkchop"},
				"west": {"uv": [12, 4, 12.5, 5.5], "texture": "#cooked_porkchop"}
			}
		},
		{
			"name": "Element",
			"from": [7, 1, 7.25],
			"to": [7.5, 2.5, 7.75],
			"faces": {
				"north": {"uv": [11.5, 3.5, 12, 5], "texture": "#cooked_porkchop"},
				"east": {"uv": [11.5, 3.5, 12, 5], "texture": "#cooked_porkchop"},
				"south": {"uv": [11.5, 3.5, 12, 5], "texture": "#cooked_porkchop"}
			}
		},
		{
			"name": "Element",
			"from": [6.5, 1, 7.25],
			"to": [7, 3, 7.75],
			"faces": {
				"north": {"uv": [11, 3, 11.5, 5], "texture": "#cooked_porkchop"},
				"east": {"uv": [11, 3, 11.5, 5], "texture": "#cooked_porkchop"},
				"south": {"uv": [11, 3, 11.5, 5], "texture": "#cooked_porkchop"}
			}
		},
		{
			"name": "Element",
			"from": [6, 16.5, 7.25],
			"to": [7, 17.5, 7.75],
			"faces": {
				"north": {"uv": [1.5, 9.5, 2.5, 10.5], "texture": "#cooked_porkchop", "cullface": "up"},
				"east": {"uv": [2, 9.5, 2.5, 10.5], "texture": "#cooked_porkchop", "cullface": "up"},
				"south": {"uv": [1.5, 9.5, 2.5, 10.5], "texture": "#cooked_porkchop", "cullface": "up"},
				"west": {"uv": [1.5, 9.5, 2, 10.5], "texture": "#cooked_porkchop", "cullface": "up"},
				"up": {"uv": [1.5, 9.5, 2.5, 10], "texture": "#cooked_porkchop", "cullface": "up"},
				"down": {"uv": [1.5, 10, 2.5, 10.5], "texture": "#cooked_porkchop", "cullface": "up"}
			}
		},
		{
			"name": "Element",
			"from": [7, 16, 7.25],
			"to": [7.5, 17, 7.75],
			"faces": {
				"north": {"uv": [2.5, 10, 3, 11], "texture": "#cooked_porkchop", "cullface": "up"},
				"south": {"uv": [2.5, 10, 3, 11], "texture": "#cooked_porkchop", "cullface": "up"},
				"west": {"uv": [2.5, 10, 3, 11], "texture": "#cooked_porkchop", "cullface": "up"},
				"down": {"uv": [2.5, 10, 3, 10.5], "texture": "#cooked_porkchop", "cullface": "up"}
			}
		},
		{
			"name": "Element",
			"from": [7.5, 15.5, 7.25],
			"to": [8, 17, 7.75],
			"faces": {
				"north": {"uv": [3, 10, 3.5, 11.5], "texture": "#cooked_porkchop", "cullface": "up"},
				"east": {"uv": [3, 10, 3.5, 11.5], "texture": "#cooked_porkchop", "cullface": "up"},
				"south": {"uv": [3, 10, 3.5, 11.5], "texture": "#cooked_porkchop", "cullface": "up"},
				"west": {"uv": [3, 10, 3.5, 11.5], "texture": "#cooked_porkchop", "cullface": "up"}
			}
		},
		{
			"name": "Element",
			"from": [8, 15, 7.25],
			"to": [8.5, 16.5, 7.75],
			"faces": {
				"north": {"uv": [3.5, 10.5, 4, 12], "texture": "#cooked_porkchop", "cullface": "up"},
				"east": {"uv": [3.5, 10.5, 4, 12], "texture": "#cooked_porkchop", "cullface": "up"},
				"south": {"uv": [3.5, 10.5, 4, 12], "texture": "#cooked_porkchop", "cullface": "up"},
				"west": {"uv": [3.5, 10.5, 4, 12], "texture": "#cooked_porkchop", "cullface": "up"}
			}
		},
		{
			"name": "Element",
			"from": [8.5, 14.5, 7.25],
			"to": [9, 16, 7.75],
			"faces": {
				"north": {"uv": [4, 11, 4.5, 12.5], "texture": "#cooked_porkchop"},
				"south": {"uv": [4, 11, 4.5, 12.5], "texture": "#cooked_porkchop"},
				"west": {"uv": [4, 11, 4.5, 12.5], "texture": "#cooked_porkchop"}
			}
		},
		{
			"name": "Element",
			"from": [9, 14, 7.25],
			"to": [9.5, 16, 7.75],
			"faces": {
				"north": {"uv": [4.5, 11, 5, 13], "texture": "#cooked_porkchop"},
				"south": {"uv": [4.5, 11, 5, 13], "texture": "#cooked_porkchop"},
				"west": {"uv": [4.5, 11, 5, 13], "texture": "#cooked_porkchop"}
			}
		},
		{
			"name": "Element",
			"from": [10.5, 12.5, 8],
			"to": [11, 13, 8.5],
			"faces": {
				"north": {"uv": [6, 14, 6.5, 14.5], "texture": "#cooked_porkchop"},
				"east": {"uv": [6, 14, 6.5, 14.5], "texture": "#cooked_porkchop"},
				"south": {"uv": [6, 14, 6.5, 14.5], "texture": "#cooked_porkchop"},
				"west": {"uv": [6, 14, 6.5, 14.5], "texture": "#cooked_porkchop"},
				"up": {"uv": [6, 14, 6.5, 14.5], "texture": "#cooked_porkchop"},
				"down": {"uv": [6, 14, 6.5, 14.5], "texture": "#cooked_porkchop"}
			}
		},
		{
			"name": "Element",
			"from": [10.5, 12.5, 6.5],
			"to": [11, 13, 7],
			"faces": {
				"north": {"uv": [6, 14, 6.5, 14.5], "texture": "#cooked_porkchop"},
				"east": {"uv": [6, 14, 6.5, 14.5], "texture": "#cooked_porkchop"},
				"south": {"uv": [6, 14, 6.5, 14.5], "texture": "#cooked_porkchop"},
				"west": {"uv": [6, 14, 6.5, 14.5], "texture": "#cooked_porkchop"},
				"up": {"uv": [6, 14, 6.5, 14.5], "texture": "#cooked_porkchop"},
				"down": {"uv": [6, 14, 6.5, 14.5], "texture": "#cooked_porkchop"}
			}
		},
		{
			"name": "Element",
			"from": [5, 4, 6.5],
			"to": [5.5, 4.5, 7],
			"faces": {
				"north": {"uv": [6, 14, 6.5, 14.5], "texture": "#cooked_porkchop"},
				"east": {"uv": [6, 14, 6.5, 14.5], "texture": "#cooked_porkchop"},
				"south": {"uv": [6, 14, 6.5, 14.5], "texture": "#cooked_porkchop"},
				"west": {"uv": [6, 14, 6.5, 14.5], "texture": "#cooked_porkchop"},
				"up": {"uv": [6, 14, 6.5, 14.5], "texture": "#cooked_porkchop"},
				"down": {"uv": [6, 14, 6.5, 14.5], "texture": "#cooked_porkchop"}
			}
		},
		{
			"name": "Element",
			"from": [5, 4, 8],
			"to": [5.5, 4.5, 8.5],
			"faces": {
				"north": {"uv": [6, 14, 6.5, 14.5], "texture": "#cooked_porkchop"},
				"east": {"uv": [6, 14, 6.5, 14.5], "texture": "#cooked_porkchop"},
				"south": {"uv": [6, 14, 6.5, 14.5], "texture": "#cooked_porkchop"},
				"west": {"uv": [6, 14, 6.5, 14.5], "texture": "#cooked_porkchop"},
				"up": {"uv": [6, 14, 6.5, 14.5], "texture": "#cooked_porkchop"},
				"down": {"uv": [6, 14, 6.5, 14.5], "texture": "#cooked_porkchop"}
			}
		},
		{
			"name": "Element",
			"from": [-8, -16, 7.5],
			"to": [23, 32, 7.5625],
			"faces": {
				"north": {"uv": [11.5, 1.5, 4.5, 14.5], "texture": "#twinbladeanim"},
				"south": {"uv": [4.5, 1.5, 11.5, 14.5], "texture": "#twinbladeanim"}
			}
		}
	],
	"display": {
		"thirdperson_righthand": {
			"rotation": [0, 90, 0],
			"translation": [0.5, -2.5, 1.5]
		},
		"thirdperson_lefthand": {
			"rotation": [0, 78, 0]
		},
		"firstperson_righthand": {
			"rotation": [0, 88, 0],
			"translation": [2.75, 0, 0]
		},
		"firstperson_lefthand": {
			"rotation": [0, 88, 0]
		},
		"ground": {
			"translation": [0, 16, 0]
		},
		"gui": {
			"rotation": [30, -45, 45],
			"translation": [0.3, -0.3, 0],
			"scale": [0.8, 0.8, 0.8]
		},
		"head": {
			"rotation": [0, 17, -27],
			"translation": [0, -21.56, 8.3478],
			"scale": [2, 2, 2]
		}
	}
}