{
	"credit": "Made with Blockbench",
	"ambientocclusion": false,
	"textures": {
		"texture": "item/50/40"
	},
	"elements": [
		{
			"name": "Element",
			"from": [7.5, 1.5, 6],
			"to": [9.5, 2, 8],
			"faces": {
				"north": {"uv": [11, 15, 13, 15.5], "texture": "#texture", "cullface": "down"},
				"east": {"uv": [11, 15, 13, 15.5], "texture": "#texture", "cullface": "down"},
				"south": {"uv": [11, 15, 13, 15.5], "texture": "#texture", "cullface": "down"},
				"west": {"uv": [11, 15, 13, 15.5], "texture": "#texture", "cullface": "down"},
				"down": {"uv": [11, 15, 13, 15.5], "texture": "#texture", "cullface": "down"}
			}
		},
		{
			"name": "Element",
			"from": [6.5, 2, 5.5],
			"to": [10.5, 2.5, 8.5],
			"faces": {
				"north": {"uv": [10, 14.5, 14, 15], "texture": "#texture", "cullface": "down"},
				"east": {"uv": [10, 14.5, 11, 15], "texture": "#texture", "cullface": "down"},
				"south": {"uv": [10, 14.5, 14, 15], "texture": "#texture", "cullface": "down"},
				"west": {"uv": [10, 14.5, 11, 15], "texture": "#texture", "cullface": "down"},
				"down": {"uv": [10, 14.5, 14, 15], "texture": "#texture", "cullface": "down"}
			}
		},
		{
			"name": "Element",
			"from": [7.5, 22, 6],
			"to": [9.5, 22.5, 8],
			"faces": {
				"north": {"uv": [11, 15, 13, 15.5], "rotation": 180, "texture": "#texture", "cullface": "down"},
				"east": {"uv": [11, 15, 13, 15.5], "rotation": 180, "texture": "#texture", "cullface": "down"},
				"south": {"uv": [11, 15, 13, 15.5], "rotation": 180, "texture": "#texture", "cullface": "down"},
				"west": {"uv": [11, 15, 13, 15.5], "rotation": 180, "texture": "#texture", "cullface": "down"},
				"up": {"uv": [11, 15, 13, 15.5], "rotation": 180, "texture": "#texture", "cullface": "down"},
				"down": {"uv": [0, 0, 0, 0], "rotation": 180, "texture": "#texture"}
			}
		},
		{
			"name": "Element",
			"from": [6.5, 21.5, 5.5],
			"to": [10.5, 22, 8.5],
			"faces": {
				"north": {"uv": [10, 14.5, 14, 15], "rotation": 180, "texture": "#texture", "cullface": "down"},
				"east": {"uv": [10, 14.5, 11, 15], "rotation": 180, "texture": "#texture", "cullface": "down"},
				"south": {"uv": [10, 14.5, 14, 15], "rotation": 180, "texture": "#texture", "cullface": "down"},
				"west": {"uv": [10, 14.5, 11, 15], "rotation": 180, "texture": "#texture", "cullface": "down"},
				"up": {"uv": [10, 14.5, 14, 15], "rotation": 180, "texture": "#texture", "cullface": "down"},
				"down": {"uv": [0, 0, 0, 0], "rotation": 180, "texture": "#texture"}
			}
		},
		{
			"name": "Element",
			"from": [6, 2.5, 5],
			"to": [11, 3, 9],
			"faces": {
				"north": {"uv": [9.5, 14, 14.5, 14.5], "texture": "#texture", "cullface": "down"},
				"east": {"uv": [10, 14, 14, 14.5], "texture": "#texture", "cullface": "down"},
				"south": {"uv": [9.5, 14, 14.5, 14.5], "texture": "#texture", "cullface": "down"},
				"west": {"uv": [10, 14, 14, 14.5], "texture": "#texture", "cullface": "down"},
				"down": {"uv": [9.5, 14, 14.5, 14.5], "texture": "#texture", "cullface": "down"}
			}
		},
		{
			"name": "Element",
			"from": [5.5, 3, 4.5],
			"to": [11.5, 3.5, 9.5],
			"faces": {
				"north": {"uv": [9, 13.5, 15, 14], "texture": "#texture", "cullface": "down"},
				"east": {"uv": [9.5, 13.5, 14.5, 14], "texture": "#texture", "cullface": "down"},
				"south": {"uv": [9, 13.5, 15, 14], "texture": "#texture", "cullface": "down"},
				"west": {"uv": [9.5, 13.5, 14.5, 14], "texture": "#texture", "cullface": "down"},
				"up": {"uv": [9, 13.5, 15, 14], "texture": "#texture", "cullface": "down"},
				"down": {"uv": [9, 13.5, 15, 14], "texture": "#texture", "cullface": "down"}
			}
		},
		{
			"name": "Element",
			"from": [6, 3.5, 5],
			"to": [11, 4, 9],
			"faces": {
				"north": {"uv": [9.5, 13, 14.5, 13.5], "texture": "#texture", "cullface": "down"},
				"east": {"uv": [10, 12.5, 14, 13], "texture": "#texture", "cullface": "down"},
				"south": {"uv": [9.5, 13, 14.5, 13.5], "texture": "#texture", "cullface": "down"},
				"west": {"uv": [10, 12.5, 14, 13], "texture": "#texture", "cullface": "down"},
				"up": {"uv": [9.5, 13, 14.5, 13.5], "texture": "#texture", "cullface": "down"}
			}
		},
		{
			"name": "Element",
			"from": [6.5, 4, 5.5],
			"to": [10.5, 4.5, 8.5],
			"faces": {
				"north": {"uv": [10, 12.5, 14, 13], "texture": "#texture", "cullface": "down"},
				"east": {"uv": [10.5, 12, 13.5, 12.5], "texture": "#texture", "cullface": "down"},
				"south": {"uv": [10, 12.5, 14, 13], "texture": "#texture", "cullface": "down"},
				"west": {"uv": [10.5, 12, 13.5, 12.5], "texture": "#texture", "cullface": "down"},
				"up": {"uv": [10, 13, 14, 13.5], "texture": "#texture", "cullface": "down"}
			}
		},
		{
			"name": "Element",
			"from": [7, 4.5, 6],
			"to": [10, 5, 8],
			"faces": {
				"north": {"uv": [10.5, 12, 13.5, 12.5], "texture": "#texture", "cullface": "down"},
				"east": {"uv": [11, 12, 13, 12.5], "texture": "#texture", "cullface": "down"},
				"south": {"uv": [10.5, 12, 13.5, 12.5], "texture": "#texture", "cullface": "down"},
				"west": {"uv": [11, 12, 13, 12.5], "texture": "#texture", "cullface": "down"},
				"up": {"uv": [10.5, 12, 13.5, 13.5], "texture": "#texture", "cullface": "down"}
			}
		},
		{
			"name": "Element",
			"from": [7, 5, 6.5],
			"to": [10, 18.5, 7.5],
			"faces": {
				"north": {"uv": [2, 0.5, 0, 14], "texture": "#texture", "cullface": "down"},
				"east": {"uv": [1.5, 0, 2, 14], "texture": "#texture", "cullface": "down"},
				"south": {"uv": [0, 0.5, 2, 14], "texture": "#texture", "cullface": "down"},
				"west": {"uv": [0, 0, 0.5, 14], "texture": "#texture", "cullface": "down"}
			}
		},
		{
			"name": "Element",
			"from": [8, 5, 5.75],
			"to": [9, 18.5, 8.25],
			"faces": {
				"north": {"uv": [0.5, 0.5, 1.5, 14], "texture": "#texture", "cullface": "down"},
				"east": {"uv": [1.5, 0.5, 2, 14], "texture": "#texture", "cullface": "down"},
				"south": {"uv": [0.5, 0.5, 1.5, 14], "texture": "#texture", "cullface": "down"},
				"west": {"uv": [0, 0.5, 0.5, 14], "texture": "#texture", "cullface": "down"}
			}
		},
		{
			"name": "Element",
			"from": [7, 18.5, 6],
			"to": [10, 19.5, 8],
			"faces": {
				"north": {"uv": [3.5, 14.5, 6.5, 15.5], "texture": "#texture"},
				"east": {"uv": [4, 14.5, 6, 15.5], "texture": "#texture"},
				"south": {"uv": [3.5, 14.5, 6.5, 15.5], "texture": "#texture"},
				"west": {"uv": [4, 14.5, 6, 15.5], "texture": "#texture"},
				"down": {"uv": [3.5, 14, 6.5, 15.25], "texture": "#texture"}
			}
		},
		{
			"name": "Element",
			"from": [7.5, 18.5, 5.75],
			"to": [9.5, 19.5, 8.25],
			"faces": {
				"north": {"uv": [4, 14.5, 6, 15.5], "texture": "#texture"},
				"east": {"uv": [4, 14.5, 6.5, 15.5], "texture": "#texture"},
				"south": {"uv": [4, 14.5, 6, 15.5], "texture": "#texture"},
				"west": {"uv": [4, 14.5, 6.5, 15.5], "texture": "#texture"},
				"down": {"uv": [4.25, 14.25, 6, 15.25], "texture": "#texture"}
			}
		},
		{
			"name": "Element",
			"from": [6.5, 19.5, 5.75],
			"to": [10.5, 20, 8.25],
			"faces": {
				"north": {"uv": [3, 14, 7, 14.5], "texture": "#texture"},
				"east": {"uv": [3.5, 14, 6, 14.5], "texture": "#texture"},
				"south": {"uv": [3, 14, 7, 14.5], "texture": "#texture"},
				"west": {"uv": [3.5, 14, 6, 14.5], "texture": "#texture"},
				"down": {"uv": [3, 14, 7, 14.5], "texture": "#texture"}
			}
		},
		{
			"name": "Element",
			"from": [7, 19.5, 5.5],
			"to": [10, 20, 8.75],
			"faces": {
				"north": {"uv": [3.5, 14, 6.5, 14.5], "texture": "#texture"},
				"east": {"uv": [3.5, 14, 6.75, 14.5], "texture": "#texture"},
				"south": {"uv": [3.5, 14, 6.5, 14.5], "texture": "#texture"},
				"west": {"uv": [3.5, 14, 6.75, 14.5], "texture": "#texture"},
				"down": {"uv": [3.5, 14, 6.5, 14.5], "texture": "#texture"}
			}
		},
		{
			"name": "Element",
			"from": [6, 20, 5.25],
			"to": [11, 21, 8.75],
			"faces": {
				"north": {"uv": [2.5, 13, 7.5, 14], "texture": "#texture"},
				"east": {"uv": [3.5, 13, 7, 14], "texture": "#texture"},
				"south": {"uv": [2.5, 13, 7.5, 14], "texture": "#texture"},
				"west": {"uv": [3.5, 13, 7, 14], "texture": "#texture"},
				"up": {"uv": [2.5, 13, 7.5, 13.5], "texture": "#texture"},
				"down": {"uv": [2.5, 13, 7.5, 13.5], "texture": "#texture"}
			}
		},
		{
			"name": "Element",
			"from": [6.5, 20, 5],
			"to": [10.5, 21, 9],
			"faces": {
				"north": {"uv": [3, 13, 7, 14], "texture": "#texture"},
				"east": {"uv": [3, 13, 7, 14], "texture": "#texture"},
				"south": {"uv": [3, 13, 7, 14], "texture": "#texture"},
				"west": {"uv": [3, 13, 7, 14], "texture": "#texture"},
				"up": {"uv": [3, 13, 7, 13.5], "texture": "#texture"},
				"down": {"uv": [3, 13, 7, 13.5], "texture": "#texture"}
			}
		},
		{
			"name": "Element",
			"from": [6.5, 21, 5.5],
			"to": [10.5, 21.5, 8.5],
			"faces": {
				"north": {"uv": [3, 12.5, 7, 13], "texture": "#texture"},
				"east": {"uv": [3.5, 12.5, 6.5, 13], "texture": "#texture"},
				"south": {"uv": [3, 12.5, 7, 13], "texture": "#texture"},
				"west": {"uv": [3.5, 12.5, 6.5, 13], "texture": "#texture"},
				"up": {"uv": [3, 12.5, 7, 13], "texture": "#texture"}
			}
		},
		{
			"name": "Element",
			"from": [7.25, 21, 5.25],
			"to": [9.75, 21.5, 8.75],
			"faces": {
				"north": {"uv": [3.5, 12.5, 6, 13], "texture": "#texture"},
				"east": {"uv": [3, 12.5, 6.5, 13], "texture": "#texture"},
				"south": {"uv": [3.5, 12.5, 6, 13], "texture": "#texture"},
				"west": {"uv": [3, 12.5, 6.5, 13], "texture": "#texture"},
				"up": {"uv": [3.5, 12.5, 6, 13], "texture": "#texture"}
			}
		},
		{
			"name": "Element",
			"from": [10.5, 2.75, 6.25],
			"to": [11.5, 3.25, 7.75],
			"faces": {
				"north": {"uv": [13.5, 9, 14.5, 9.5], "texture": "#texture"},
				"east": {"uv": [13.5, 9, 14.5, 9.5], "texture": "#texture"},
				"south": {"uv": [13.5, 9, 14.5, 9.5], "texture": "#texture"},
				"west": {"uv": [13.5, 9, 14.5, 9.5], "texture": "#texture"},
				"up": {"uv": [13.5, 9, 14.5, 9.5], "texture": "#texture"},
				"down": {"uv": [13.5, 9, 14.5, 9.5], "texture": "#texture"}
			}
		},
		{
			"name": "Element",
			"from": [5.5, 2.55, 6.25],
			"to": [6.5, 3.05, 7.75],
			"faces": {
				"north": {"uv": [9, 9.5, 8, 10], "texture": "#texture"},
				"east": {"uv": [8.5, 9.5, 9, 10], "texture": "#texture"},
				"south": {"uv": [8, 9.5, 9, 10], "texture": "#texture"},
				"west": {"uv": [8, 9.5, 8.5, 10], "texture": "#texture"},
				"up": {"uv": [8, 9.5, 9, 10], "texture": "#texture"},
				"down": {"uv": [8, 9.5, 9, 10], "texture": "#texture"}
			}
		},
		{
			"name": "Element",
			"from": [5, 2.05, 6.25],
			"to": [5.5, 2.55, 7.75],
			"faces": {
				"north": {"uv": [7.5, 10, 8, 10.5], "texture": "#texture"},
				"east": {"uv": [7.5, 10, 8, 10.5], "texture": "#texture"},
				"south": {"uv": [7.5, 10, 8, 10.5], "texture": "#texture"},
				"west": {"uv": [7.5, 10, 8, 10.5], "texture": "#texture"},
				"up": {"uv": [7.5, 10, 8, 10.5], "texture": "#texture"},
				"down": {"uv": [7.5, 10, 8, 10.5], "texture": "#texture"}
			}
		},
		{
			"name": "Element",
			"from": [4, 1.55, 6.25],
			"to": [5, 2.05, 7.75],
			"faces": {
				"north": {"uv": [6.5, 10.5, 7.5, 11], "texture": "#texture"},
				"east": {"uv": [6.5, 10.5, 7.5, 11], "texture": "#texture"},
				"south": {"uv": [6.5, 10.5, 7.5, 11], "texture": "#texture"},
				"west": {"uv": [6.5, 10.5, 7.5, 11], "texture": "#texture"},
				"up": {"uv": [6.5, 10.5, 7.5, 11], "texture": "#texture"},
				"down": {"uv": [6.5, 10.5, 7.5, 11], "texture": "#texture"}
			}
		},
		{
			"name": "Element",
			"from": [11.5, 2.25, 6.25],
			"to": [12, 2.75, 7.75],
			"faces": {
				"north": {"uv": [14, 10, 14.5, 10.5], "texture": "#texture"},
				"east": {"uv": [14, 10, 14.5, 10.5], "texture": "#texture"},
				"south": {"uv": [14, 10, 14.5, 10.5], "texture": "#texture"},
				"west": {"uv": [14, 10, 14.5, 10.5], "texture": "#texture"},
				"up": {"uv": [14, 10, 14.5, 10.5], "texture": "#texture"},
				"down": {"uv": [14, 10, 14.5, 10.5], "texture": "#texture"}
			}
		},
		{
			"name": "Element",
			"from": [12, 1.75, 6.25],
			"to": [13, 2.25, 7.75],
			"faces": {
				"north": {"uv": [14.5, 10.5, 15.5, 11], "texture": "#texture"},
				"east": {"uv": [14.5, 10.5, 15.5, 11], "texture": "#texture"},
				"south": {"uv": [14.5, 10.5, 15.5, 11], "texture": "#texture"},
				"west": {"uv": [14.5, 10.5, 15.5, 11], "texture": "#texture"},
				"up": {"uv": [14.5, 10.5, 15.5, 11], "texture": "#texture"},
				"down": {"uv": [14.5, 10.5, 15.5, 11], "texture": "#texture"}
			}
		},
		{
			"name": "Element",
			"from": [4, 2.05, 6.5],
			"to": [5, 2.55, 7.5],
			"faces": {
				"north": {"uv": [7.5, 10, 6.5, 10.5], "texture": "#texture"},
				"south": {"uv": [6.5, 10, 7.5, 10.5], "texture": "#texture"},
				"west": {"uv": [6.5, 10, 7, 10.5], "texture": "#texture"},
				"up": {"uv": [6.5, 10, 7.5, 10.5], "texture": "#texture"}
			}
		},
		{
			"name": "Element",
			"from": [4.5, 2.55, 6.5],
			"to": [5.5, 5.55, 7.5],
			"faces": {
				"north": {"uv": [8, 7, 7, 10], "texture": "#texture"},
				"east": {"uv": [7.5, 7, 8, 10], "texture": "#texture"},
				"south": {"uv": [7, 7, 8, 10], "texture": "#texture"},
				"west": {"uv": [7, 7.25, 7.5, 10], "texture": "#texture"},
				"up": {"uv": [7, 7, 8, 7.5], "texture": "#texture", "cullface": "up"},
				"down": {"uv": [7, 9.5, 8, 10], "texture": "#texture"}
			}
		},
		{
			"name": "Element",
			"from": [12, 2.25, 6.5],
			"to": [13, 2.75, 7.5],
			"faces": {
				"north": {"uv": [14.5, 10, 15.5, 10.5], "texture": "#texture"},
				"east": {"uv": [15, 10, 15.5, 10.5], "texture": "#texture"},
				"south": {"uv": [14.5, 10, 15.5, 10.5], "texture": "#texture"},
				"up": {"uv": [14.5, 10, 15.5, 10.5], "texture": "#texture"}
			}
		},
		{
			"name": "Element",
			"from": [11.5, 2.75, 6.5],
			"to": [12.5, 5.75, 7.5],
			"faces": {
				"north": {"uv": [14, 7, 15, 10], "texture": "#texture"},
				"east": {"uv": [14.5, 7, 15, 10], "texture": "#texture"},
				"south": {"uv": [14, 7, 15, 10], "texture": "#texture"},
				"west": {"uv": [14, 7, 14.5, 10], "texture": "#texture"},
				"up": {"uv": [14, 7.5, 15, 8], "texture": "#texture", "cullface": "up"},
				"down": {"uv": [14, 9.5, 15, 10], "texture": "#texture"}
			}
		},
		{
			"name": "Element",
			"from": [6.5, 3.5, 4.75],
			"to": [10.5, 3.75, 9.25],
			"faces": {
				"north": {"uv": [9.5, 13, 14.5, 13.5], "texture": "#texture", "cullface": "down"},
				"east": {"uv": [10, 12.5, 14, 13], "texture": "#texture", "cullface": "down"},
				"south": {"uv": [9.5, 13, 14.5, 13.5], "texture": "#texture", "cullface": "down"},
				"west": {"uv": [10, 12.5, 14, 13], "texture": "#texture", "cullface": "down"},
				"up": {"uv": [9.5, 13, 14.5, 13.5], "texture": "#texture", "cullface": "down"}
			}
		},
		{
			"name": "Element",
			"from": [7, 4, 5.25],
			"to": [10, 4.25, 8.75],
			"faces": {
				"north": {"uv": [10, 12.5, 14, 13], "texture": "#texture", "cullface": "down"},
				"east": {"uv": [10.5, 12, 13.5, 12.5], "texture": "#texture", "cullface": "down"},
				"south": {"uv": [10, 12.5, 14, 13], "texture": "#texture", "cullface": "down"},
				"west": {"uv": [10.5, 12, 13.5, 12.5], "texture": "#texture", "cullface": "down"},
				"up": {"uv": [10, 13, 14, 13.5], "texture": "#texture", "cullface": "down"}
			}
		},
		{
			"name": "Element",
			"from": [7.5, 4.5, 5.75],
			"to": [9.5, 4.75, 8.25],
			"faces": {
				"north": {"uv": [10.5, 12, 13.5, 12.5], "texture": "#texture", "cullface": "down"},
				"east": {"uv": [11, 12, 13, 12.5], "texture": "#texture", "cullface": "down"},
				"south": {"uv": [10.5, 12, 13.5, 12.5], "texture": "#texture", "cullface": "down"},
				"west": {"uv": [11, 12, 13, 12.5], "texture": "#texture", "cullface": "down"},
				"up": {"uv": [10.5, 12, 13.5, 13.5], "texture": "#texture", "cullface": "down"}
			}
		},
		{
			"name": "Element",
			"from": [4, 21.25, 6.5],
			"to": [5, 21.75, 7.5],
			"faces": {
				"north": {"uv": [14.5, 10, 15.5, 10.5], "rotation": 180, "texture": "#texture"},
				"east": {"uv": [0, 0, 0, 0], "rotation": 180, "texture": "#texture"},
				"south": {"uv": [14.5, 10, 15.5, 10.5], "rotation": 180, "texture": "#texture"},
				"west": {"uv": [15, 10, 15.5, 10.5], "rotation": 180, "texture": "#texture"},
				"up": {"uv": [0, 0, 0, 0], "rotation": 180, "texture": "#texture"},
				"down": {"uv": [14.5, 10, 15.5, 10.5], "rotation": 180, "texture": "#texture"}
			}
		},
		{
			"name": "Element",
			"from": [4.5, 18.25, 6.5],
			"to": [5.5, 21.25, 7.5],
			"faces": {
				"north": {"uv": [14, 7, 15, 10], "rotation": 180, "texture": "#texture"},
				"east": {"uv": [14, 7, 14.5, 10], "rotation": 180, "texture": "#texture"},
				"south": {"uv": [14, 7, 15, 10], "rotation": 180, "texture": "#texture"},
				"west": {"uv": [14.5, 7, 15, 10], "rotation": 180, "texture": "#texture"},
				"up": {"uv": [14, 9.5, 15, 10], "rotation": 180, "texture": "#texture"},
				"down": {"uv": [14, 7.5, 15, 8], "rotation": 180, "texture": "#texture", "cullface": "up"}
			}
		},
		{
			"name": "Element",
			"from": [11.5, 18.45, 6.5],
			"to": [12.5, 21.45, 7.5],
			"faces": {
				"north": {"uv": [8, 7, 7, 10], "rotation": 180, "texture": "#texture"},
				"east": {"uv": [7, 7.25, 7.5, 10], "rotation": 180, "texture": "#texture"},
				"south": {"uv": [7, 7, 8, 10], "rotation": 180, "texture": "#texture"},
				"west": {"uv": [7.5, 7, 8, 10], "rotation": 180, "texture": "#texture"},
				"up": {"uv": [7, 9.5, 8, 10], "rotation": 180, "texture": "#texture"},
				"down": {"uv": [7, 7, 8, 7.5], "rotation": 180, "texture": "#texture", "cullface": "up"}
			}
		},
		{
			"name": "Element",
			"from": [12, 21.45, 6.5],
			"to": [13, 21.95, 7.5],
			"faces": {
				"north": {"uv": [7.5, 10, 6.5, 10.5], "rotation": 180, "texture": "#texture"},
				"east": {"uv": [6.5, 10, 7, 10.5], "rotation": 180, "texture": "#texture"},
				"south": {"uv": [6.5, 10, 7.5, 10.5], "rotation": 180, "texture": "#texture"},
				"west": {"uv": [0, 0, 0, 0], "rotation": 180, "texture": "#texture"},
				"up": {"uv": [0, 0, 0, 0], "rotation": 180, "texture": "#texture"},
				"down": {"uv": [6.5, 10, 7.5, 10.5], "rotation": 180, "texture": "#texture"}
			}
		},
		{
			"name": "Element",
			"from": [4, 21.75, 6.25],
			"to": [5, 22.25, 7.75],
			"faces": {
				"north": {"uv": [14.5, 10.5, 15.5, 11], "rotation": 180, "texture": "#texture"},
				"east": {"uv": [14.5, 10.5, 15.5, 11], "rotation": 180, "texture": "#texture"},
				"south": {"uv": [14.5, 10.5, 15.5, 11], "rotation": 180, "texture": "#texture"},
				"west": {"uv": [14.5, 10.5, 15.5, 11], "rotation": 180, "texture": "#texture"},
				"up": {"uv": [14.5, 10.5, 15.5, 11], "rotation": 180, "texture": "#texture"},
				"down": {"uv": [14.5, 10.5, 15.5, 11], "rotation": 180, "texture": "#texture"}
			}
		},
		{
			"name": "Element",
			"from": [5, 21.25, 6.25],
			"to": [5.5, 21.75, 7.75],
			"faces": {
				"north": {"uv": [14, 10, 14.5, 10.5], "rotation": 180, "texture": "#texture"},
				"east": {"uv": [14, 10, 14.5, 10.5], "rotation": 180, "texture": "#texture"},
				"south": {"uv": [14, 10, 14.5, 10.5], "rotation": 180, "texture": "#texture"},
				"west": {"uv": [14, 10, 14.5, 10.5], "rotation": 180, "texture": "#texture"},
				"up": {"uv": [14, 10, 14.5, 10.5], "rotation": 180, "texture": "#texture"},
				"down": {"uv": [14, 10, 14.5, 10.5], "rotation": 180, "texture": "#texture"}
			}
		},
		{
			"name": "Element",
			"from": [12, 21.95, 6.25],
			"to": [13, 22.45, 7.75],
			"faces": {
				"north": {"uv": [6.5, 10.5, 7.5, 11], "rotation": 180, "texture": "#texture"},
				"east": {"uv": [6.5, 10.5, 7.5, 11], "rotation": 180, "texture": "#texture"},
				"south": {"uv": [6.5, 10.5, 7.5, 11], "rotation": 180, "texture": "#texture"},
				"west": {"uv": [6.5, 10.5, 7.5, 11], "rotation": 180, "texture": "#texture"},
				"up": {"uv": [6.5, 10.5, 7.5, 11], "rotation": 180, "texture": "#texture"},
				"down": {"uv": [6.5, 10.5, 7.5, 11], "rotation": 180, "texture": "#texture"}
			}
		},
		{
			"name": "Element",
			"from": [11.5, 21.45, 6.25],
			"to": [12, 21.95, 7.75],
			"faces": {
				"north": {"uv": [7.5, 10, 8, 10.5], "rotation": 180, "texture": "#texture"},
				"east": {"uv": [7.5, 10, 8, 10.5], "rotation": 180, "texture": "#texture"},
				"south": {"uv": [7.5, 10, 8, 10.5], "rotation": 180, "texture": "#texture"},
				"west": {"uv": [7.5, 10, 8, 10.5], "rotation": 180, "texture": "#texture"},
				"up": {"uv": [7.5, 10, 8, 10.5], "rotation": 180, "texture": "#texture"},
				"down": {"uv": [7.5, 10, 8, 10.5], "rotation": 180, "texture": "#texture"}
			}
		},
		{
			"name": "Element",
			"from": [10.5, 20.95, 6.25],
			"to": [11.5, 21.45, 7.75],
			"faces": {
				"north": {"uv": [9, 9.5, 8, 10], "rotation": 180, "texture": "#texture"},
				"east": {"uv": [8, 9.5, 8.5, 10], "rotation": 180, "texture": "#texture"},
				"south": {"uv": [8, 9.5, 9, 10], "rotation": 180, "texture": "#texture"},
				"west": {"uv": [8.5, 9.5, 9, 10], "rotation": 180, "texture": "#texture"},
				"up": {"uv": [8, 9.5, 9, 10], "rotation": 180, "texture": "#texture"},
				"down": {"uv": [8, 9.5, 9, 10], "rotation": 180, "texture": "#texture"}
			}
		},
		{
			"name": "Element",
			"from": [5.5, 20.75, 6.25],
			"to": [6.5, 21.25, 7.75],
			"faces": {
				"north": {"uv": [13.5, 9, 14.5, 9.5], "rotation": 180, "texture": "#texture"},
				"east": {"uv": [13.5, 9, 14.5, 9.5], "rotation": 180, "texture": "#texture"},
				"south": {"uv": [13.5, 9, 14.5, 9.5], "rotation": 180, "texture": "#texture"},
				"west": {"uv": [13.5, 9, 14.5, 9.5], "rotation": 180, "texture": "#texture"},
				"up": {"uv": [13.5, 9, 14.5, 9.5], "rotation": 180, "texture": "#texture"},
				"down": {"uv": [13.5, 9, 14.5, 9.5], "rotation": 180, "texture": "#texture"}
			}
		}
	],
	"display": {
		"thirdperson_righthand": {
			"rotation": [0, -90.25, -4.5],
			"translation": [-1, -5.0435, 1.25]
		},
		"thirdperson_lefthand": {
			"rotation": [65, -6, -53],
			"translation": [-8.5, -9.2066, 5.9456]
		},
		"firstperson_righthand": {
			"rotation": [54.5, -71.25, 59],
			"translation": [4.75, -0.5, 0]
		},
		"firstperson_lefthand": {
			"translation": [14.5, 0, 0]
		},
		"ground": {
			"translation": [0, 3.586, 1.75],
			"scale": [1, 1, 1.37305]
		},
		"gui": {
			"rotation": [20, -45, 45],
			"translation": [-0.05, -2.75, 0],
			"scale": [0.7, 0.7, 0.7]
		},
		"head": {
			"rotation": [0, -5, 21],
			"translation": [0, -23.36, 12.99],
			"scale": [2, 2, 2]
		},
		"fixed": {
			"rotation": [0, 0, -44.25],
			"translation": [-3.75, -2, 0]
		}
	}
}