{
	"credit": "Made with Blockbench",
	"textures": {
		"0": "item/3/1-0",
		"1": "item/3/1-1",
		"2": "item/3/1-2"
	},
	"elements": [
		{
			"name": "Cube",
			"from": [7.5, 4.5, 0.6],
			"to": [8.5, 7, 1.3],
			"faces": {
				"north": {"uv": [10, 10, 11, 13.5], "texture": "#0"},
				"east": {"uv": [13, 10, 13.7, 13.5], "texture": "#0"},
				"south": {"uv": [10, 10, 11, 13.5], "texture": "#0"},
				"west": {"uv": [9, 10, 9.7, 13.5], "texture": "#0"},
				"up": {"uv": [3, 3, 4, 3.7], "texture": "#0"},
				"down": {"uv": [12, 12, 13, 12.7], "texture": "#0"}
			}
		},
		{
			"name": "Cube",
			"from": [7.5, -1.5, 0.6],
			"to": [8.5, 1, 1.3],
			"faces": {
				"north": {"uv": [12, 9, 13, 12.5], "texture": "#0"},
				"east": {"uv": [13, 11, 13.7, 14.5], "texture": "#0"},
				"south": {"uv": [12, 12, 13, 15.5], "texture": "#0"},
				"west": {"uv": [12, 12, 12.7, 15.5], "texture": "#0"},
				"up": {"uv": [10, 9, 11, 9.7], "texture": "#0"},
				"down": {"uv": [11, 10, 12, 10.7], "texture": "#0"}
			}
		},
		{
			"name": "Cube",
			"from": [7.5, 1, 0.6],
			"to": [8.5, 4.5, 1.3],
			"faces": {
				"north": {"uv": [5, 6, 6, 9.5], "texture": "#1"},
				"east": {"uv": [8, 6, 8.7, 9.5], "texture": "#1"},
				"south": {"uv": [7, 6, 8, 9.5], "texture": "#1"},
				"west": {"uv": [9, 6, 9.7, 9.5], "texture": "#1"},
				"up": {"uv": [7, 8, 8, 8.7], "texture": "#1"},
				"down": {"uv": [6, 7, 7, 7.7], "texture": "#1"}
			}
		},
		{
			"name": "Cube",
			"from": [7.5, -7.5, 9.3],
			"to": [8.5, -3.5, 10],
			"rotation": {"angle": 45, "axis": "x", "origin": [8, 8, 8]},
			"faces": {
				"north": {"uv": [12, 9, 13, 12.5], "texture": "#0"},
				"east": {"uv": [13, 11, 13.7, 14.5], "texture": "#0"},
				"south": {"uv": [12, 12, 13, 15.5], "texture": "#0"},
				"west": {"uv": [12, 12, 12.7, 15.5], "texture": "#0"},
				"up": {"uv": [10, 9, 11, 9.7], "texture": "#0"},
				"down": {"uv": [11, 10, 12, 10.7], "texture": "#0"}
			}
		},
		{
			"name": "Cube",
			"from": [7.5, 11.9, 1.8],
			"to": [8.5, 15.9, 2.5],
			"rotation": {"angle": -45, "axis": "x", "origin": [8, 8, 8]},
			"faces": {
				"north": {"uv": [10, 10, 11, 13.5], "texture": "#0"},
				"east": {"uv": [13, 10, 13.7, 13.5], "texture": "#0"},
				"south": {"uv": [10, 10, 11, 13.5], "texture": "#0"},
				"west": {"uv": [9, 10, 9.7, 13.5], "texture": "#0"},
				"up": {"uv": [3, 3, 4, 3.7], "texture": "#0"},
				"down": {"uv": [12, 12, 13, 12.7], "texture": "#0"}
			}
		},
		{
			"name": "Cube",
			"from": [7.5, 0.3, 4.1],
			"to": [8.5, 1.8, 5.6],
			"rotation": {"angle": 45, "axis": "x", "origin": [8, 8, 8]},
			"faces": {
				"north": {"uv": [10, 10, 11, 13.5], "texture": "#0"},
				"east": {"uv": [13, 10, 13.7, 13.5], "texture": "#0"},
				"south": {"uv": [10, 10, 11, 13.5], "texture": "#0"},
				"west": {"uv": [9, 10, 9.7, 13.5], "texture": "#0"},
				"up": {"uv": [3, 3, 4, 3.7], "texture": "#0"},
				"down": {"uv": [12, 12, 13, 12.7], "texture": "#0"}
			}
		},
		{
			"name": "Cube",
			"from": [7.5, 6.7, -3.4],
			"to": [8.5, 8.2, -1.9],
			"rotation": {"angle": -45, "axis": "x", "origin": [8, 8, 8]},
			"faces": {
				"north": {"uv": [12, 9, 13, 12.5], "texture": "#0"},
				"east": {"uv": [13, 11, 13.7, 14.5], "texture": "#0"},
				"south": {"uv": [12, 12, 13, 15.5], "texture": "#0"},
				"west": {"uv": [12, 12, 12.7, 15.5], "texture": "#0"},
				"up": {"uv": [10, 9, 11, 9.7], "texture": "#0"},
				"down": {"uv": [11, 10, 12, 10.7], "texture": "#0"}
			}
		},
		{
			"name": "Cube",
			"from": [7.5, 8.1, -3.5],
			"to": [8.5, 9.1, -2.7],
			"rotation": {"angle": -45, "axis": "x", "origin": [8, 8, 8]},
			"faces": {
				"north": {"uv": [12, 9, 13, 12.5], "texture": "#0"},
				"east": {"uv": [13, 11, 13.7, 14.5], "texture": "#0"},
				"south": {"uv": [12, 12, 13, 15.5], "texture": "#0"},
				"west": {"uv": [12, 12, 12.7, 15.5], "texture": "#0"},
				"up": {"uv": [10, 9, 11, 9.7], "texture": "#0"},
				"down": {"uv": [11, 10, 12, 10.7], "texture": "#0"}
			}
		},
		{
			"name": "Cube",
			"from": [7.5, -0.8, 3.9],
			"to": [8.5, 1.2, 4.7],
			"rotation": {"angle": 45, "axis": "x", "origin": [8, 8, 8]},
			"faces": {
				"north": {"uv": [10, 10, 11, 13.5], "texture": "#0"},
				"east": {"uv": [13, 10, 13.7, 13.5], "texture": "#0"},
				"south": {"uv": [10, 10, 11, 13.5], "texture": "#0"},
				"west": {"uv": [9, 10, 9.7, 13.5], "texture": "#0"},
				"up": {"uv": [3, 3, 4, 3.7], "texture": "#0"},
				"down": {"uv": [12, 12, 13, 12.7], "texture": "#0"}
			}
		},
		{
			"name": "Cube",
			"from": [7.5, 9.2, -2.1],
			"to": [8.5, 11.7, -1.4],
			"faces": {
				"north": {"uv": [10, 10, 11, 13.5], "texture": "#0"},
				"east": {"uv": [13, 10, 13.7, 13.5], "texture": "#0"},
				"south": {"uv": [10, 10, 11, 13.5], "texture": "#0"},
				"west": {"uv": [9, 10, 9.7, 13.5], "texture": "#0"},
				"up": {"uv": [3, 3, 4, 3.7], "texture": "#0"},
				"down": {"uv": [12, 12, 13, 12.7], "texture": "#0"}
			}
		},
		{
			"name": "Cube",
			"from": [7.5, -6.4, -2.1],
			"to": [8.5, -3.9, -1.4],
			"faces": {
				"north": {"uv": [10, 10, 11, 13.5], "texture": "#0"},
				"east": {"uv": [13, 10, 13.7, 13.5], "texture": "#0"},
				"south": {"uv": [10, 10, 11, 13.5], "texture": "#0"},
				"west": {"uv": [9, 10, 9.7, 13.5], "texture": "#0"},
				"up": {"uv": [3, 3, 4, 3.7], "texture": "#0"},
				"down": {"uv": [12, 12, 13, 12.7], "texture": "#0"}
			}
		},
		{
			"name": "Cube",
			"from": [7.5, 7.5, -2.7],
			"to": [8.5, 14.5, -2],
			"rotation": {"angle": 22.5, "axis": "x", "origin": [8, 8, 8]},
			"faces": {
				"north": {"uv": [12, 9, 13, 12.5], "texture": "#0"},
				"east": {"uv": [13, 11, 13.7, 14.5], "texture": "#0"},
				"south": {"uv": [12, 12, 13, 15.5], "texture": "#0"},
				"west": {"uv": [12, 12, 12.7, 15.5], "texture": "#0"},
				"up": {"uv": [10, 9, 11, 9.7], "texture": "#0"},
				"down": {"uv": [11, 10, 12, 10.7], "texture": "#0"}
			}
		},
		{
			"name": "Cube",
			"from": [7.5, -8.1, -6.7],
			"to": [8.5, -1.1, -6],
			"rotation": {"angle": -22.5, "axis": "x", "origin": [8, 8, 8]},
			"faces": {
				"north": {"uv": [10, 10, 11, 13.5], "texture": "#0"},
				"east": {"uv": [13, 10, 13.7, 13.5], "texture": "#0"},
				"south": {"uv": [10, 10, 11, 13.5], "texture": "#0"},
				"west": {"uv": [9, 10, 9.7, 13.5], "texture": "#0"},
				"up": {"uv": [3, 3, 4, 3.7], "texture": "#0"},
				"down": {"uv": [12, 12, 13, 12.7], "texture": "#0"}
			}
		},
		{
			"name": "Cube",
			"from": [7.5, 9.5, -4.3],
			"to": [8.5, 13.5, -3.5],
			"rotation": {"angle": 45, "axis": "x", "origin": [8, 8, 8]},
			"faces": {
				"north": {"uv": [10, 10, 11, 13.5], "texture": "#0"},
				"east": {"uv": [13, 10, 13.7, 13.5], "texture": "#0"},
				"south": {"uv": [10, 10, 11, 13.5], "texture": "#0"},
				"west": {"uv": [9, 10, 9.7, 13.5], "texture": "#0"},
				"up": {"uv": [3, 3, 4, 3.7], "texture": "#0"},
				"down": {"uv": [12, 12, 13, 12.7], "texture": "#0"}
			}
		},
		{
			"name": "Cube",
			"from": [7.5, -4.9, -11.7],
			"to": [8.5, -0.9, -10.9],
			"rotation": {"angle": -45, "axis": "x", "origin": [8, 8, 8]},
			"faces": {
				"north": {"uv": [12, 9, 13, 12.5], "texture": "#0"},
				"east": {"uv": [13, 11, 13.7, 14.5], "texture": "#0"},
				"south": {"uv": [12, 12, 13, 15.5], "texture": "#0"},
				"west": {"uv": [12, 12, 12.7, 15.5], "texture": "#0"},
				"up": {"uv": [10, 9, 11, 9.7], "texture": "#0"},
				"down": {"uv": [11, 10, 12, 10.7], "texture": "#0"}
			}
		},
		{
			"name": "Cube",
			"from": [7.8, -14.9, 3.4],
			"to": [8, 20.4, 3.6],
			"faces": {
				"north": {"uv": [5, 6, 6, 9.5], "texture": "#2"},
				"east": {"uv": [8, 6, 8.7, 9.5], "texture": "#2"},
				"south": {"uv": [7, 6, 8, 9.5], "texture": "#2"},
				"west": {"uv": [9, 6, 9.7, 9.5], "texture": "#2"},
				"up": {"uv": [7, 8, 8, 8.7], "texture": "#2"},
				"down": {"uv": [6, 7, 7, 7.7], "texture": "#2"}
			}
		},
		{
			"name": "ring 1",
			"from": [7.4, 6, 2.3],
			"to": [8.6, 7.7, 2.7],
			"faces": {
				"north": {"uv": [10, 10, 11, 13.5], "texture": "#1"},
				"east": {"uv": [13, 10, 13.7, 13.5], "texture": "#1"},
				"south": {"uv": [10, 10, 11, 13.5], "texture": "#1"},
				"west": {"uv": [9, 10, 9.7, 13.5], "texture": "#1"},
				"up": {"uv": [3, 3, 4, 3.7], "texture": "#1"},
				"down": {"uv": [12, 12, 13, 12.7], "texture": "#1"}
			}
		},
		{
			"name": "Cube",
			"from": [7.4, 6, -1.1],
			"to": [8.6, 7.7, -0.7],
			"faces": {
				"north": {"uv": [10, 10, 11, 13.5], "texture": "#1"},
				"east": {"uv": [13, 10, 13.7, 13.5], "texture": "#1"},
				"south": {"uv": [10, 10, 11, 13.5], "texture": "#1"},
				"west": {"uv": [9, 10, 9.7, 13.5], "texture": "#1"},
				"up": {"uv": [3, 3, 4, 3.7], "texture": "#1"},
				"down": {"uv": [12, 12, 13, 12.7], "texture": "#1"}
			}
		},
		{
			"name": "Cube",
			"from": [7.4, 8.5, 0],
			"to": [8.6, 8.9, 1.7],
			"faces": {
				"north": {"uv": [10, 10, 11, 13.5], "texture": "#1"},
				"east": {"uv": [13, 10, 13.7, 13.5], "texture": "#1"},
				"south": {"uv": [10, 10, 11, 13.5], "texture": "#1"},
				"west": {"uv": [9, 10, 9.7, 13.5], "texture": "#1"},
				"up": {"uv": [3, 3, 4, 3.7], "texture": "#1"},
				"down": {"uv": [12, 12, 13, 12.7], "texture": "#1"}
			}
		},
		{
			"name": "Cube",
			"from": [7.4, 4.9, -0.1],
			"to": [8.6, 5.3, 1.6],
			"faces": {
				"north": {"uv": [10, 10, 11, 13.5], "texture": "#1"},
				"east": {"uv": [13, 10, 13.7, 13.5], "texture": "#1"},
				"south": {"uv": [10, 10, 11, 13.5], "texture": "#1"},
				"west": {"uv": [9, 10, 9.7, 13.5], "texture": "#1"},
				"up": {"uv": [3, 3, 4, 3.7], "texture": "#1"},
				"down": {"uv": [12, 12, 13, 12.7], "texture": "#1"}
			}
		},
		{
			"name": "Cube",
			"from": [7.4, 4.8, 0],
			"to": [8.6, 5.2, 1.7],
			"rotation": {"angle": 45, "axis": "x", "origin": [8, 6.8, 0.9]},
			"faces": {
				"north": {"uv": [10, 10, 11, 13.5], "texture": "#1"},
				"east": {"uv": [13, 10, 13.7, 13.5], "texture": "#1"},
				"south": {"uv": [10, 10, 11, 13.5], "texture": "#1"},
				"west": {"uv": [9, 10, 9.7, 13.5], "texture": "#1"},
				"up": {"uv": [3, 3, 4, 3.7], "texture": "#1"},
				"down": {"uv": [12, 12, 13, 12.7], "texture": "#1"}
			}
		},
		{
			"name": "Cube",
			"from": [7.4, 4.9, -0.1],
			"to": [8.6, 5.3, 1.6],
			"rotation": {"angle": -45, "axis": "x", "origin": [8, 6.8, 0.9]},
			"faces": {
				"north": {"uv": [10, 10, 11, 13.5], "texture": "#1"},
				"east": {"uv": [13, 10, 13.7, 13.5], "texture": "#1"},
				"south": {"uv": [10, 10, 11, 13.5], "texture": "#1"},
				"west": {"uv": [9, 10, 9.7, 13.5], "texture": "#1"},
				"up": {"uv": [3, 3, 4, 3.7], "texture": "#1"},
				"down": {"uv": [12, 12, 13, 12.7], "texture": "#1"}
			}
		},
		{
			"name": "Cube",
			"from": [7.4, 8.3, -0.2],
			"to": [8.6, 8.7, 1.5],
			"rotation": {"angle": 45, "axis": "x", "origin": [8, 6.8, 0.9]},
			"faces": {
				"north": {"uv": [10, 10, 11, 13.5], "texture": "#1"},
				"east": {"uv": [13, 10, 13.7, 13.5], "texture": "#1"},
				"south": {"uv": [10, 10, 11, 13.5], "texture": "#1"},
				"west": {"uv": [9, 10, 9.7, 13.5], "texture": "#1"},
				"up": {"uv": [3, 3, 4, 3.7], "texture": "#1"},
				"down": {"uv": [12, 12, 13, 12.7], "texture": "#1"}
			}
		},
		{
			"name": "Cube",
			"from": [7.4, 8.4, 0],
			"to": [8.6, 8.8, 1.7],
			"rotation": {"angle": -45, "axis": "x", "origin": [8, 6.8, 0.9]},
			"faces": {
				"north": {"uv": [10, 10, 11, 13.5], "texture": "#1"},
				"east": {"uv": [13, 10, 13.7, 13.5], "texture": "#1"},
				"south": {"uv": [10, 10, 11, 13.5], "texture": "#1"},
				"west": {"uv": [9, 10, 9.7, 13.5], "texture": "#1"},
				"up": {"uv": [3, 3, 4, 3.7], "texture": "#1"},
				"down": {"uv": [12, 12, 13, 12.7], "texture": "#1"}
			}
		},
		{
			"name": "ring 2",
			"from": [7.4, 0.1, -0.1],
			"to": [8.6, 0.5, 1.6],
			"faces": {
				"north": {"uv": [10, 10, 11, 13.5], "texture": "#1"},
				"east": {"uv": [13, 10, 13.7, 13.5], "texture": "#1"},
				"south": {"uv": [10, 10, 11, 13.5], "texture": "#1"},
				"west": {"uv": [9, 10, 9.7, 13.5], "texture": "#1"},
				"up": {"uv": [3, 3, 4, 3.7], "texture": "#1"},
				"down": {"uv": [12, 12, 13, 12.7], "texture": "#1"}
			}
		},
		{
			"name": "Cube",
			"from": [7.4, -3.2, 0],
			"to": [8.6, -2.8, 1.7],
			"faces": {
				"north": {"uv": [10, 10, 11, 13.5], "texture": "#1"},
				"east": {"uv": [13, 10, 13.7, 13.5], "texture": "#1"},
				"south": {"uv": [10, 10, 11, 13.5], "texture": "#1"},
				"west": {"uv": [9, 10, 9.7, 13.5], "texture": "#1"},
				"up": {"uv": [3, 3, 4, 3.7], "texture": "#1"},
				"down": {"uv": [12, 12, 13, 12.7], "texture": "#1"}
			}
		},
		{
			"name": "Cube",
			"from": [7.4, -2.3, 2.3],
			"to": [8.6, -0.6, 2.7],
			"faces": {
				"north": {"uv": [10, 10, 11, 13.5], "texture": "#1"},
				"east": {"uv": [13, 10, 13.7, 13.5], "texture": "#1"},
				"south": {"uv": [10, 10, 11, 13.5], "texture": "#1"},
				"west": {"uv": [9, 10, 9.7, 13.5], "texture": "#1"},
				"up": {"uv": [3, 3, 4, 3.7], "texture": "#1"},
				"down": {"uv": [12, 12, 13, 12.7], "texture": "#1"}
			}
		},
		{
			"name": "Cube",
			"from": [7.3, -2.2, -1.1],
			"to": [8.5, -0.5, -0.7],
			"faces": {
				"north": {"uv": [10, 10, 11, 13.5], "texture": "#1"},
				"east": {"uv": [13, 10, 13.7, 13.5], "texture": "#1"},
				"south": {"uv": [10, 10, 11, 13.5], "texture": "#1"},
				"west": {"uv": [9, 10, 9.7, 13.5], "texture": "#1"},
				"up": {"uv": [3, 3, 4, 3.7], "texture": "#1"},
				"down": {"uv": [12, 12, 13, 12.7], "texture": "#1"}
			}
		},
		{
			"name": "Cube",
			"from": [7.4, -3.3, -0.1],
			"to": [8.6, -2.9, 1.6],
			"rotation": {"angle": 45, "axis": "x", "origin": [8, -1.4, 0.9]},
			"faces": {
				"north": {"uv": [10, 10, 11, 13.5], "texture": "#1"},
				"east": {"uv": [13, 10, 13.7, 13.5], "texture": "#1"},
				"south": {"uv": [10, 10, 11, 13.5], "texture": "#1"},
				"west": {"uv": [9, 10, 9.7, 13.5], "texture": "#1"},
				"up": {"uv": [3, 3, 4, 3.7], "texture": "#1"},
				"down": {"uv": [12, 12, 13, 12.7], "texture": "#1"}
			}
		},
		{
			"name": "Cube",
			"from": [7.3, -2.2, -1.1],
			"to": [8.5, -0.5, -0.7],
			"rotation": {"angle": 45, "axis": "x", "origin": [8, -1.4, 0.9]},
			"faces": {
				"north": {"uv": [10, 10, 11, 13.5], "texture": "#1"},
				"east": {"uv": [13, 10, 13.7, 13.5], "texture": "#1"},
				"south": {"uv": [10, 10, 11, 13.5], "texture": "#1"},
				"west": {"uv": [9, 10, 9.7, 13.5], "texture": "#1"},
				"up": {"uv": [3, 3, 4, 3.7], "texture": "#1"},
				"down": {"uv": [12, 12, 13, 12.7], "texture": "#1"}
			}
		},
		{
			"name": "Cube",
			"from": [7.4, -3.2, 0.1],
			"to": [8.6, -2.8, 1.8],
			"rotation": {"angle": -45, "axis": "x", "origin": [8, -1.4, 0.9]},
			"faces": {
				"north": {"uv": [10, 10, 11, 13.5], "texture": "#1"},
				"east": {"uv": [13, 10, 13.7, 13.5], "texture": "#1"},
				"south": {"uv": [10, 10, 11, 13.5], "texture": "#1"},
				"west": {"uv": [9, 10, 9.7, 13.5], "texture": "#1"},
				"up": {"uv": [3, 3, 4, 3.7], "texture": "#1"},
				"down": {"uv": [12, 12, 13, 12.7], "texture": "#1"}
			}
		},
		{
			"name": "Cube",
			"from": [7.4, -2.3, 2.3],
			"to": [8.6, -0.6, 2.7],
			"rotation": {"angle": -45, "axis": "x", "origin": [8, -1.4, 0.9]},
			"faces": {
				"north": {"uv": [10, 10, 11, 13.5], "texture": "#1"},
				"east": {"uv": [13, 10, 13.7, 13.5], "texture": "#1"},
				"south": {"uv": [10, 10, 11, 13.5], "texture": "#1"},
				"west": {"uv": [9, 10, 9.7, 13.5], "texture": "#1"},
				"up": {"uv": [3, 3, 4, 3.7], "texture": "#1"},
				"down": {"uv": [12, 12, 13, 12.7], "texture": "#1"}
			}
		},
		{
			"name": "prone",
			"from": [7.8, 6.8, -3.5],
			"to": [8.3, 7.2, 0.5],
			"faces": {
				"north": {"uv": [5, 6, 6, 9.5], "texture": "#0"},
				"east": {"uv": [8, 6, 8.7, 9.5], "texture": "#0"},
				"south": {"uv": [7, 6, 8, 9.5], "texture": "#0"},
				"west": {"uv": [9, 6, 9.7, 9.5], "texture": "#0"},
				"up": {"uv": [7, 8, 8, 8.7], "texture": "#0"},
				"down": {"uv": [6, 7, 7, 7.7], "texture": "#0"}
			}
		},
		{
			"name": "Cube",
			"from": [7.8, -1.8, -3.4],
			"to": [8.3, -1.4, 0.6],
			"faces": {
				"north": {"uv": [5, 6, 6, 9.5], "texture": "#0"},
				"east": {"uv": [8, 6, 8.7, 9.5], "texture": "#0"},
				"south": {"uv": [7, 6, 8, 9.5], "texture": "#0"},
				"west": {"uv": [9, 6, 9.7, 9.5], "texture": "#0"},
				"up": {"uv": [7, 8, 8, 8.7], "texture": "#0"},
				"down": {"uv": [6, 7, 7, 7.7], "texture": "#0"}
			}
		},
		{
			"name": "Cube",
			"from": [7.8, -1.1, -4.4],
			"to": [8.3, -0.7, 2.6],
			"faces": {
				"north": {"uv": [5, 6, 6, 9.5], "texture": "#0"},
				"east": {"uv": [8, 6, 8.7, 9.5], "texture": "#0"},
				"south": {"uv": [7, 6, 8, 9.5], "texture": "#0"},
				"west": {"uv": [9, 6, 9.7, 9.5], "texture": "#0"},
				"up": {"uv": [7, 8, 8, 8.7], "texture": "#0"},
				"down": {"uv": [6, 7, 7, 7.7], "texture": "#0"}
			}
		},
		{
			"name": "Cube",
			"from": [7.8, 6.1, -4.4],
			"to": [8.3, 6.5, 2.6],
			"faces": {
				"north": {"uv": [5, 6, 6, 9.5], "texture": "#0"},
				"east": {"uv": [8, 6, 8.7, 9.5], "texture": "#0"},
				"south": {"uv": [7, 6, 8, 9.5], "texture": "#0"},
				"west": {"uv": [9, 6, 9.7, 9.5], "texture": "#0"},
				"up": {"uv": [7, 8, 8, 8.7], "texture": "#0"},
				"down": {"uv": [6, 7, 7, 7.7], "texture": "#0"}
			}
		},
		{
			"name": "point",
			"from": [7.8, -1.1, -5.4],
			"to": [8.3, -0.7, -4.4],
			"faces": {
				"north": {"uv": [5, 6, 6, 9.5], "texture": "#2"},
				"east": {"uv": [8, 6, 8.7, 9.5], "texture": "#2"},
				"south": {"uv": [7, 6, 8, 9.5], "texture": "#2"},
				"west": {"uv": [9, 6, 9.7, 9.5], "texture": "#2"},
				"up": {"uv": [7, 8, 8, 8.7], "texture": "#2"},
				"down": {"uv": [6, 7, 7, 7.7], "texture": "#2"}
			}
		},
		{
			"name": "Cube",
			"from": [7.8, 6.1, -5.4],
			"to": [8.3, 6.5, -4.4],
			"faces": {
				"north": {"uv": [5, 6, 6, 9.5], "texture": "#2"},
				"east": {"uv": [8, 6, 8.7, 9.5], "texture": "#2"},
				"south": {"uv": [7, 6, 8, 9.5], "texture": "#2"},
				"west": {"uv": [9, 6, 9.7, 9.5], "texture": "#2"},
				"up": {"uv": [7, 8, 8, 8.7], "texture": "#2"},
				"down": {"uv": [6, 7, 7, 7.7], "texture": "#2"}
			}
		},
		{
			"name": "Cube",
			"from": [7.8, 6.8, -4.5],
			"to": [8.3, 7.2, -3.5],
			"faces": {
				"north": {"uv": [5, 6, 6, 9.5], "texture": "#2"},
				"east": {"uv": [8, 6, 8.7, 9.5], "texture": "#2"},
				"south": {"uv": [7, 6, 8, 9.5], "texture": "#2"},
				"west": {"uv": [9, 6, 9.7, 9.5], "texture": "#2"},
				"up": {"uv": [7, 8, 8, 8.7], "texture": "#2"},
				"down": {"uv": [6, 7, 7, 7.7], "texture": "#2"}
			}
		},
		{
			"name": "Cube",
			"from": [7.8, -1.8, -4.4],
			"to": [8.3, -1.4, -3.4],
			"faces": {
				"north": {"uv": [5, 6, 6, 9.5], "texture": "#2"},
				"east": {"uv": [8, 6, 8.7, 9.5], "texture": "#2"},
				"south": {"uv": [7, 6, 8, 9.5], "texture": "#2"},
				"west": {"uv": [9, 6, 9.7, 9.5], "texture": "#2"},
				"up": {"uv": [7, 8, 8, 8.7], "texture": "#2"},
				"down": {"uv": [6, 7, 7, 7.7], "texture": "#2"}
			}
		},
		{
			"name": "support",
			"from": [7.8, 8.5, -0.4],
			"to": [8.3, 14.9, 0],
			"faces": {
				"north": {"uv": [5, 6, 6, 9.5], "texture": "#1"},
				"east": {"uv": [8, 6, 8.7, 9.5], "texture": "#1"},
				"south": {"uv": [7, 6, 8, 9.5], "texture": "#1"},
				"west": {"uv": [9, 6, 9.7, 9.5], "texture": "#1"},
				"up": {"uv": [7, 8, 8, 8.7], "texture": "#1"},
				"down": {"uv": [6, 7, 7, 7.7], "texture": "#1"}
			}
		},
		{
			"name": "Cube",
			"from": [7.8, -9.3, -0.4],
			"to": [8.3, -2.9, 0],
			"faces": {
				"north": {"uv": [5, 6, 6, 9.5], "texture": "#1"},
				"east": {"uv": [8, 6, 8.7, 9.5], "texture": "#1"},
				"south": {"uv": [7, 6, 8, 9.5], "texture": "#1"},
				"west": {"uv": [9, 6, 9.7, 9.5], "texture": "#1"},
				"up": {"uv": [7, 8, 8, 8.7], "texture": "#1"},
				"down": {"uv": [6, 7, 7, 7.7], "texture": "#1"}
			}
		},
		{
			"name": "Cube",
			"from": [7.8, -8.4, -1.1],
			"to": [8.3, -3.3, -0.7],
			"faces": {
				"north": {"uv": [5, 6, 6, 9.5], "texture": "#1"},
				"east": {"uv": [8, 6, 8.7, 9.5], "texture": "#1"},
				"south": {"uv": [7, 6, 8, 9.5], "texture": "#1"},
				"west": {"uv": [9, 6, 9.7, 9.5], "texture": "#1"},
				"up": {"uv": [7, 8, 8, 8.7], "texture": "#1"},
				"down": {"uv": [6, 7, 7, 7.7], "texture": "#1"}
			}
		},
		{
			"name": "Cube",
			"from": [7.8, 8.3, -1.1],
			"to": [8.3, 13.7, -0.7],
			"faces": {
				"north": {"uv": [5, 6, 6, 9.5], "texture": "#1"},
				"east": {"uv": [8, 6, 8.7, 9.5], "texture": "#1"},
				"south": {"uv": [7, 6, 8, 9.5], "texture": "#1"},
				"west": {"uv": [9, 6, 9.7, 9.5], "texture": "#1"},
				"up": {"uv": [7, 8, 8, 8.7], "texture": "#1"},
				"down": {"uv": [6, 7, 7, 7.7], "texture": "#1"}
			}
		},
		{
			"name": "thing",
			"from": [7.7, 8.2, -3],
			"to": [8.3, 8.6, -2.7],
			"rotation": {"angle": 22.5, "axis": "x", "origin": [8, 8, 8]},
			"faces": {
				"north": {"uv": [10, 10, 11, 13.5], "texture": "#2"},
				"east": {"uv": [13, 10, 13.7, 13.5], "texture": "#2"},
				"south": {"uv": [10, 10, 11, 13.5], "texture": "#2"},
				"west": {"uv": [9, 10, 9.7, 13.5], "texture": "#2"},
				"up": {"uv": [3, 3, 4, 3.7], "texture": "#2"},
				"down": {"uv": [12, 12, 13, 12.7], "texture": "#2"}
			}
		},
		{
			"name": "Cube",
			"from": [7.7, 9.2, -3],
			"to": [8.3, 9.6, -2.7],
			"rotation": {"angle": 22.5, "axis": "x", "origin": [8, 8, 8]},
			"faces": {
				"north": {"uv": [10, 10, 11, 13.5], "texture": "#2"},
				"east": {"uv": [13, 10, 13.7, 13.5], "texture": "#2"},
				"south": {"uv": [10, 10, 11, 13.5], "texture": "#2"},
				"west": {"uv": [9, 10, 9.7, 13.5], "texture": "#2"},
				"up": {"uv": [3, 3, 4, 3.7], "texture": "#2"},
				"down": {"uv": [12, 12, 13, 12.7], "texture": "#2"}
			}
		},
		{
			"name": "Cube",
			"from": [7.7, 10.2, -3],
			"to": [8.3, 10.6, -2.7],
			"rotation": {"angle": 22.5, "axis": "x", "origin": [8, 8, 8]},
			"faces": {
				"north": {"uv": [10, 10, 11, 13.5], "texture": "#2"},
				"east": {"uv": [13, 10, 13.7, 13.5], "texture": "#2"},
				"south": {"uv": [10, 10, 11, 13.5], "texture": "#2"},
				"west": {"uv": [9, 10, 9.7, 13.5], "texture": "#2"},
				"up": {"uv": [3, 3, 4, 3.7], "texture": "#2"},
				"down": {"uv": [12, 12, 13, 12.7], "texture": "#2"}
			}
		},
		{
			"name": "Cube",
			"from": [7.7, 11.2, -3],
			"to": [8.3, 11.6, -2.7],
			"rotation": {"angle": 22.5, "axis": "x", "origin": [8, 8, 8]},
			"faces": {
				"north": {"uv": [10, 10, 11, 13.5], "texture": "#2"},
				"east": {"uv": [13, 10, 13.7, 13.5], "texture": "#2"},
				"south": {"uv": [10, 10, 11, 13.5], "texture": "#2"},
				"west": {"uv": [9, 10, 9.7, 13.5], "texture": "#2"},
				"up": {"uv": [3, 3, 4, 3.7], "texture": "#2"},
				"down": {"uv": [12, 12, 13, 12.7], "texture": "#2"}
			}
		},
		{
			"name": "Cube",
			"from": [7.7, 12.2, -3],
			"to": [8.3, 12.6, -2.7],
			"rotation": {"angle": 22.5, "axis": "x", "origin": [8, 8, 8]},
			"faces": {
				"north": {"uv": [10, 10, 11, 13.5], "texture": "#2"},
				"east": {"uv": [13, 10, 13.7, 13.5], "texture": "#2"},
				"south": {"uv": [10, 10, 11, 13.5], "texture": "#2"},
				"west": {"uv": [9, 10, 9.7, 13.5], "texture": "#2"},
				"up": {"uv": [3, 3, 4, 3.7], "texture": "#2"},
				"down": {"uv": [12, 12, 13, 12.7], "texture": "#2"}
			}
		},
		{
			"name": "Cube",
			"from": [7.7, 13.2, -3],
			"to": [8.3, 13.6, -2.7],
			"rotation": {"angle": 22.5, "axis": "x", "origin": [8, 8, 8]},
			"faces": {
				"north": {"uv": [10, 10, 11, 13.5], "texture": "#2"},
				"east": {"uv": [13, 10, 13.7, 13.5], "texture": "#2"},
				"south": {"uv": [10, 10, 11, 13.5], "texture": "#2"},
				"west": {"uv": [9, 10, 9.7, 13.5], "texture": "#2"},
				"up": {"uv": [3, 3, 4, 3.7], "texture": "#2"},
				"down": {"uv": [12, 12, 13, 12.7], "texture": "#2"}
			}
		},
		{
			"name": "Cube",
			"from": [7.7, -2.5, -7],
			"to": [8.3, -2.1, -6.7],
			"rotation": {"angle": -22.5, "axis": "x", "origin": [8, 8, 8]},
			"faces": {
				"north": {"uv": [10, 10, 11, 13.5], "texture": "#2"},
				"east": {"uv": [13, 10, 13.7, 13.5], "texture": "#2"},
				"south": {"uv": [10, 10, 11, 13.5], "texture": "#2"},
				"west": {"uv": [9, 10, 9.7, 13.5], "texture": "#2"},
				"up": {"uv": [3, 3, 4, 3.7], "texture": "#2"},
				"down": {"uv": [12, 12, 13, 12.7], "texture": "#2"}
			}
		},
		{
			"name": "Cube",
			"from": [7.7, -3.5, -7],
			"to": [8.3, -3.1, -6.7],
			"rotation": {"angle": -22.5, "axis": "x", "origin": [8, 8, 8]},
			"faces": {
				"north": {"uv": [10, 10, 11, 13.5], "texture": "#2"},
				"east": {"uv": [13, 10, 13.7, 13.5], "texture": "#2"},
				"south": {"uv": [10, 10, 11, 13.5], "texture": "#2"},
				"west": {"uv": [9, 10, 9.7, 13.5], "texture": "#2"},
				"up": {"uv": [3, 3, 4, 3.7], "texture": "#2"},
				"down": {"uv": [12, 12, 13, 12.7], "texture": "#2"}
			}
		},
		{
			"name": "Cube",
			"from": [7.7, -4.5, -7],
			"to": [8.3, -4.1, -6.7],
			"rotation": {"angle": -22.5, "axis": "x", "origin": [8, 8, 8]},
			"faces": {
				"north": {"uv": [10, 10, 11, 13.5], "texture": "#2"},
				"east": {"uv": [13, 10, 13.7, 13.5], "texture": "#2"},
				"south": {"uv": [10, 10, 11, 13.5], "texture": "#2"},
				"west": {"uv": [9, 10, 9.7, 13.5], "texture": "#2"},
				"up": {"uv": [3, 3, 4, 3.7], "texture": "#2"},
				"down": {"uv": [12, 12, 13, 12.7], "texture": "#2"}
			}
		},
		{
			"name": "Cube",
			"from": [7.7, -5.5, -7],
			"to": [8.3, -5.1, -6.7],
			"rotation": {"angle": -22.5, "axis": "x", "origin": [8, 8, 8]},
			"faces": {
				"north": {"uv": [10, 10, 11, 13.5], "texture": "#2"},
				"east": {"uv": [13, 10, 13.7, 13.5], "texture": "#2"},
				"south": {"uv": [10, 10, 11, 13.5], "texture": "#2"},
				"west": {"uv": [9, 10, 9.7, 13.5], "texture": "#2"},
				"up": {"uv": [3, 3, 4, 3.7], "texture": "#2"},
				"down": {"uv": [12, 12, 13, 12.7], "texture": "#2"}
			}
		},
		{
			"name": "Cube",
			"from": [7.7, -6.5, -7],
			"to": [8.3, -6.1, -6.7],
			"rotation": {"angle": -22.5, "axis": "x", "origin": [8, 8, 8]},
			"faces": {
				"north": {"uv": [10, 10, 11, 13.5], "texture": "#2"},
				"east": {"uv": [13, 10, 13.7, 13.5], "texture": "#2"},
				"south": {"uv": [10, 10, 11, 13.5], "texture": "#2"},
				"west": {"uv": [9, 10, 9.7, 13.5], "texture": "#2"},
				"up": {"uv": [3, 3, 4, 3.7], "texture": "#2"},
				"down": {"uv": [12, 12, 13, 12.7], "texture": "#2"}
			}
		},
		{
			"name": "Cube",
			"from": [7.7, -7.5, -7],
			"to": [8.3, -7.1, -6.7],
			"rotation": {"angle": -22.5, "axis": "x", "origin": [8, 8, 8]},
			"faces": {
				"north": {"uv": [10, 10, 11, 13.5], "texture": "#2"},
				"east": {"uv": [13, 10, 13.7, 13.5], "texture": "#2"},
				"south": {"uv": [10, 10, 11, 13.5], "texture": "#2"},
				"west": {"uv": [9, 10, 9.7, 13.5], "texture": "#2"},
				"up": {"uv": [3, 3, 4, 3.7], "texture": "#2"},
				"down": {"uv": [12, 12, 13, 12.7], "texture": "#2"}
			}
		}
	],
	"display": {
		"thirdperson_righthand": {
			"translation": [0, 3.75, 9],
			"scale": [1.2, 1.2, 1.2]
		},
		"thirdperson_lefthand": {
			"translation": [0, 3.75, 9],
			"scale": [1.2, 1.2, 1.2]
		},
		"firstperson_righthand": {
			"translation": [1, 13.25, 0]
		},
		"firstperson_lefthand": {
			"translation": [1, 13.25, 0]
		},
		"gui": {
			"rotation": [0, 90, 0],
			"translation": [0.5, 2, 0],
			"scale": [0.5, 0.5, 0.5]
		},
		"fixed": {
			"rotation": [0, 270, 0],
			"translation": [0.25, 2.75, 0],
			"scale": [0.5, 0.5, 0.5]
		}
	}
}