{
"__comment": "Designed by Yoyomg43 with BDcraft Cubik PRO 0.96 Beta - http://bdcraft.net",
"textures": {
    "texture": "custom/sword2"
},
"elements": [ 
{
    "__comment": "sword1 x16",
    "from": [ 0, 0, 7.5 ],
    "to": [ 3, 3, 8.5 ],
    "faces": {
        "down":  { "uv": [ 0, 16, 3, 15 ], "texture": "#texture" },
        "up":    { "uv": [ 0, 13, 3, 14 ], "texture": "#texture" },
        "north": { "uv": [ 3, 13, 0, 16 ], "texture": "#texture" },
        "south": { "uv": [ 0, 13, 3, 16 ], "texture": "#texture" },
        "west":  { "uv": [ 0, 13, 1, 16 ], "texture": "#texture" },
        "east":  { "uv": [ 3, 13, 2, 16 ], "texture": "#texture" }
    }
},
{
    "__comment": "sword1 x16",
    "from": [ 2, 8, 7.5 ],
    "to": [ 4, 10, 8.5 ],
    "faces": {
        "down":  { "uv": [ 2, 8, 4, 7 ], "texture": "#texture" },
        "up":    { "uv": [ 2, 6, 4, 7 ], "texture": "#texture" },
        "north": { "uv": [ 4, 6, 2, 8 ], "texture": "#texture" },
        "south": { "uv": [ 2, 6, 4, 8 ], "texture": "#texture" },
        "west":  { "uv": [ 2, 6, 3, 8 ], "texture": "#texture" },
        "east":  { "uv": [ 4, 6, 3, 8 ], "texture": "#texture" }
    }
},
{
    "__comment": "sword1 x16",
    "from": [ 2, 3, 7.5 ],
    "to": [ 5, 4, 8.5 ],
    "faces": {
        "down":  { "uv": [ 2, 13, 5, 12 ], "texture": "#texture" },
        "up":    { "uv": [ 2, 12, 5, 13 ], "texture": "#texture" },
        "north": { "uv": [ 5, 12, 2, 13 ], "texture": "#texture" },
        "south": { "uv": [ 2, 12, 5, 13 ], "texture": "#texture" },
        "west":  { "uv": [ 2, 12, 3, 13 ], "texture": "#texture" },
        "east":  { "uv": [ 5, 12, 4, 13 ], "texture": "#texture" }
    }
},
{
    "__comment": "sword1 x16",
    "from": [ 3, 6, 7.5 ],
    "to": [ 9, 8, 8.5 ],
    "faces": {
        "down":  { "uv": [ 3, 10, 9, 9 ], "texture": "#texture" },
        "up":    { "uv": [ 3, 8, 9, 9 ], "texture": "#texture" },
        "north": { "uv": [ 9, 8, 3, 10 ], "texture": "#texture" },
        "south": { "uv": [ 3, 8, 9, 10 ], "texture": "#texture" },
        "west":  { "uv": [ 3, 8, 4, 10 ], "texture": "#texture" },
        "east":  { "uv": [ 9, 8, 8, 10 ], "texture": "#texture" }
    }
},
{
    "__comment": "sword1 x16",
    "from": [ 3, 4, 7.5 ],
    "to": [ 9, 5, 8.5 ],
    "faces": {
        "down":  { "uv": [ 3, 12, 9, 11 ], "texture": "#texture" },
        "up":    { "uv": [ 3, 11, 9, 12 ], "texture": "#texture" },
        "north": { "uv": [ 9, 11, 3, 12 ], "texture": "#texture" },
        "south": { "uv": [ 3, 11, 9, 12 ], "texture": "#texture" },
        "west":  { "uv": [ 3, 11, 4, 12 ], "texture": "#texture" },
        "east":  { "uv": [ 9, 11, 8, 12 ], "texture": "#texture" }
    }
},
{
    "__comment": "sword1 x16",
    "from": [ 3, 2, 7.5 ],
    "to": [ 4, 3, 8.5 ],
    "faces": {
        "down":  { "uv": [ 3, 14, 4, 13 ], "texture": "#texture" },
        "up":    { "uv": [ 3, 13, 4, 14 ], "texture": "#texture" },
        "north": { "uv": [ 4, 13, 3, 14 ], "texture": "#texture" },
        "south": { "uv": [ 3, 13, 4, 14 ], "texture": "#texture" },
        "west":  { "uv": [ 3, 13, 4, 14 ], "texture": "#texture" },
        "east":  { "uv": [ 4, 13, 3, 14 ], "texture": "#texture" }
    }
},
{
    "__comment": "sword1 x16",
    "from": [ 4, 8, 7.5 ],
    "to": [ 5, 9, 8.5 ],
    "faces": {
        "down":  { "uv": [ 4, 8, 5, 7 ], "texture": "#texture" },
        "up":    { "uv": [ 4, 7, 5, 8 ], "texture": "#texture" },
        "north": { "uv": [ 5, 7, 4, 8 ], "texture": "#texture" },
        "south": { "uv": [ 4, 7, 5, 8 ], "texture": "#texture" },
        "west":  { "uv": [ 4, 7, 5, 8 ], "texture": "#texture" },
        "east":  { "uv": [ 5, 7, 4, 8 ], "texture": "#texture" }
    }
},
{
    "__comment": "sword1 x16",
    "from": [ 4, 5, 7.5 ],
    "to": [ 8, 6, 8.5 ],
    "faces": {
        "down":  { "uv": [ 4, 11, 8, 10 ], "texture": "#texture" },
        "up":    { "uv": [ 4, 10, 8, 11 ], "texture": "#texture" },
        "north": { "uv": [ 8, 10, 4, 11 ], "texture": "#texture" },
        "south": { "uv": [ 4, 10, 8, 11 ], "texture": "#texture" },
        "west":  { "uv": [ 4, 10, 5, 11 ], "texture": "#texture" },
        "east":  { "uv": [ 8, 10, 7, 11 ], "texture": "#texture" }
    }
},
{
    "__comment": "sword1 x16",
    "from": [ 6, 8, 7.5 ],
    "to": [ 11, 9, 8.5 ],
    "faces": {
        "down":  { "uv": [ 6, 8, 11, 7 ], "texture": "#texture" },
        "up":    { "uv": [ 6, 7, 11, 8 ], "texture": "#texture" },
        "north": { "uv": [ 11, 7, 6, 8 ], "texture": "#texture" },
        "south": { "uv": [ 6, 7, 11, 8 ], "texture": "#texture" },
        "west":  { "uv": [ 6, 7, 7, 8 ], "texture": "#texture" },
        "east":  { "uv": [ 11, 7, 10, 8 ], "texture": "#texture" }
    }
},
{
    "__comment": "sword1 x16",
    "from": [ 6, 3, 7.5 ],
    "to": [ 10, 4, 8.5 ],
    "faces": {
        "down":  { "uv": [ 6, 13, 10, 12 ], "texture": "#texture" },
        "up":    { "uv": [ 6, 12, 10, 13 ], "texture": "#texture" },
        "north": { "uv": [ 10, 12, 6, 13 ], "texture": "#texture" },
        "south": { "uv": [ 6, 12, 10, 13 ], "texture": "#texture" },
        "west":  { "uv": [ 6, 12, 7, 13 ], "texture": "#texture" },
        "east":  { "uv": [ 10, 12, 9, 13 ], "texture": "#texture" }
    }
},
{
    "__comment": "sword1 x16",
    "from": [ 7, 9, 7.5 ],
    "to": [ 12, 10, 8.5 ],
    "faces": {
        "down":  { "uv": [ 7, 7, 12, 6 ], "texture": "#texture" },
        "up":    { "uv": [ 7, 6, 12, 7 ], "texture": "#texture" },
        "north": { "uv": [ 12, 6, 7, 7 ], "texture": "#texture" },
        "south": { "uv": [ 7, 6, 12, 7 ], "texture": "#texture" },
        "west":  { "uv": [ 7, 6, 8, 7 ], "texture": "#texture" },
        "east":  { "uv": [ 12, 6, 11, 7 ], "texture": "#texture" }
    }
},
{
    "__comment": "sword1 x16",
    "from": [ 8, 10, 7.5 ],
    "to": [ 13, 11, 8.5 ],
    "faces": {
        "down":  { "uv": [ 8, 6, 13, 5 ], "texture": "#texture" },
        "up":    { "uv": [ 8, 5, 13, 6 ], "texture": "#texture" },
        "north": { "uv": [ 13, 5, 8, 6 ], "texture": "#texture" },
        "south": { "uv": [ 8, 5, 13, 6 ], "texture": "#texture" },
        "west":  { "uv": [ 8, 5, 9, 6 ], "texture": "#texture" },
        "east":  { "uv": [ 13, 5, 12, 6 ], "texture": "#texture" }
    }
},
{
    "__comment": "sword1 x16",
    "from": [ 8, 2, 7.5 ],
    "to": [ 10, 3, 8.5 ],
    "faces": {
        "down":  { "uv": [ 8, 14, 10, 13 ], "texture": "#texture" },
        "up":    { "uv": [ 8, 13, 10, 14 ], "texture": "#texture" },
        "north": { "uv": [ 10, 13, 8, 14 ], "texture": "#texture" },
        "south": { "uv": [ 8, 13, 10, 14 ], "texture": "#texture" },
        "west":  { "uv": [ 8, 13, 9, 14 ], "texture": "#texture" },
        "east":  { "uv": [ 10, 13, 9, 14 ], "texture": "#texture" }
    }
},
{
    "__comment": "sword1 x16",
    "from": [ 9, 11, 7.5 ],
    "to": [ 14, 12, 8.5 ],
    "faces": {
        "down":  { "uv": [ 9, 5, 14, 4 ], "texture": "#texture" },
        "up":    { "uv": [ 9, 4, 14, 5 ], "texture": "#texture" },
        "north": { "uv": [ 14, 4, 9, 5 ], "texture": "#texture" },
        "south": { "uv": [ 9, 4, 14, 5 ], "texture": "#texture" },
        "west":  { "uv": [ 9, 4, 10, 5 ], "texture": "#texture" },
        "east":  { "uv": [ 14, 4, 13, 5 ], "texture": "#texture" }
    }
},
{
    "__comment": "sword1 x16",
    "from": [ 9, 7, 7.5 ],
    "to": [ 10, 8, 8.5 ],
    "faces": {
        "down":  { "uv": [ 9, 9, 10, 8 ], "texture": "#texture" },
        "up":    { "uv": [ 9, 8, 10, 9 ], "texture": "#texture" },
        "north": { "uv": [ 10, 8, 9, 9 ], "texture": "#texture" },
        "south": { "uv": [ 9, 8, 10, 9 ], "texture": "#texture" },
        "west":  { "uv": [ 9, 8, 10, 9 ], "texture": "#texture" },
        "east":  { "uv": [ 10, 8, 9, 9 ], "texture": "#texture" }
    }
},
{
    "__comment": "sword1 x16",
    "from": [ 10, 12, 7.5 ],
    "to": [ 15, 13, 8.5 ],
    "faces": {
        "down":  { "uv": [ 10, 4, 15, 3 ], "texture": "#texture" },
        "up":    { "uv": [ 10, 3, 15, 4 ], "texture": "#texture" },
        "north": { "uv": [ 15, 3, 10, 4 ], "texture": "#texture" },
        "south": { "uv": [ 10, 3, 15, 4 ], "texture": "#texture" },
        "west":  { "uv": [ 10, 3, 11, 4 ], "texture": "#texture" },
        "east":  { "uv": [ 15, 3, 14, 4 ], "texture": "#texture" }
    }
},
{
    "__comment": "sword1 x16",
    "from": [ 11, 13, 7.5 ],
    "to": [ 16, 14, 8.5 ],
    "faces": {
        "down":  { "uv": [ 11, 3, 16, 2 ], "texture": "#texture" },
        "up":    { "uv": [ 11, 2, 16, 3 ], "texture": "#texture" },
        "north": { "uv": [ 16, 2, 11, 3 ], "texture": "#texture" },
        "south": { "uv": [ 11, 2, 16, 3 ], "texture": "#texture" },
        "west":  { "uv": [ 11, 2, 12, 3 ], "texture": "#texture" },
        "east":  { "uv": [ 16, 2, 15, 3 ], "texture": "#texture" }
    }
},
{
    "__comment": "sword1 x16",
    "from": [ 12, 14, 7.5 ],
    "to": [ 16, 15, 8.5 ],
    "faces": {
        "down":  { "uv": [ 12, 2, 16, 1 ], "texture": "#texture" },
        "up":    { "uv": [ 12, 1, 16, 2 ], "texture": "#texture" },
        "north": { "uv": [ 16, 1, 12, 2 ], "texture": "#texture" },
        "south": { "uv": [ 12, 1, 16, 2 ], "texture": "#texture" },
        "west":  { "uv": [ 12, 1, 13, 2 ], "texture": "#texture" },
        "east":  { "uv": [ 16, 1, 15, 2 ], "texture": "#texture" }
    }
},
{
    "__comment": "sword1 x16",
    "from": [ 13, 15, 7.5 ],
    "to": [ 16, 16, 8.5 ],
    "faces": {
        "down":  { "uv": [ 13, 1, 16, 0 ], "texture": "#texture" },
        "up":    { "uv": [ 13, 0, 16, 1 ], "texture": "#texture" },
        "north": { "uv": [ 16, 0, 13, 1 ], "texture": "#texture" },
        "south": { "uv": [ 13, 0, 16, 1 ], "texture": "#texture" },
        "west":  { "uv": [ 13, 0, 14, 1 ], "texture": "#texture" },
        "east":  { "uv": [ 16, 0, 15, 1 ], "texture": "#texture" }
    }
}
],
"display": {
    "thirdperson_righthand": {
        "rotation": [ 0, -90, 50 ],
        "translation": [ 0, 4.54, 2.27 ],
        "scale": [ 0.8, 0.8, 0.8 ]
    },
    "thirdperson_lefthand": {
        "rotation": [ 0, 90, -50 ],
        "translation": [ 0, 4.54, 2.27 ],
        "scale": [ 0.8, 0.8, 0.8 ]
    },
    "head": {
        "rotation": [ 0, 23, -120 ],
        "translation": [ -1.13, 12.66, -1.89 ],
        "scale": [ 1, 1, 1 ]
    },
    "ground": {
        "rotation": [ 0, 0, 0 ],
        "translation": [ 0, 3.97, 0 ],
        "scale": [ 1, 1, 1 ]
    },
    "fixed": {
        "rotation": [ 0, 0, 0 ],
        "translation": [ 0, 0, 0 ],
        "scale": [ 1, 1, 1 ]
    },
    "firstperson_righthand": {
        "rotation": [ 0, -94, 68 ],
        "translation": [ 2.08, 3.02, -3.21 ],
        "scale": [ 1, 1, 1 ]
    },
    "firstperson_lefthand": {
        "rotation": [ 0, 94, -68 ],
        "translation": [ 2.08, 3.02, -3.21 ],
        "scale": [ 1, 1, 1 ]
    },
    "gui": {
        "rotation": [ 0, 0, 0 ],
        "translation": [ 0, 0, 0 ],
        "scale": [ 1, 1, 1 ]
    }
}
}