{
    "parent": "item/handheld",
    "textures": {
        "layer0": "item/diamond_sword"
    },
	"overrides" :[
		{"predicate":{"custom_model_data":1},"model":"item/1/1"},
		{"predicate":{"custom_model_data":2},"model":"item/1/2"},
		{"predicate":{"custom_model_data":3},"model":"item/1/3"},
		{"predicate":{"custom_model_data":4},"model":"item/1/4"},
		{"predicate":{"custom_model_data":5},"model":"item/1/5"},
		{"predicate":{"custom_model_data":6},"model":"item/1/6"},
		{"predicate":{"custom_model_data":7},"model":"item/emerald_hoe"}
	]
}
