{
    "parent": "item/handheld",
    "textures": {
        "layer0": "item/gunpowder"
    },
	"overrides" :[
		{"predicate":{"custom_model_data":1},"model":"item/50/1"},
		{"predicate":{"custom_model_data":2},"model":"item/50/2"},
		{"predicate":{"custom_model_data":3},"model":"item/50/3"},
		{"predicate":{"custom_model_data":4},"model":"item/50/4"},
		{"predicate":{"custom_model_data":5},"model":"item/50/5"},
		{"predicate":{"custom_model_data":6},"model":"item/50/6"},
		{"predicate":{"custom_model_data":7},"model":"item/50/7"},
		{"predicate":{"custom_model_data":8},"model":"item/50/8"},
		{"predicate":{"custom_model_data":9},"model":"item/50/9"},
		{"predicate":{"custom_model_data":10},"model":"item/50/10"},
		{"predicate":{"custom_model_data":11},"model":"item/50/11"},
		{"predicate":{"custom_model_data":12},"model":"item/50/12"},
		{"predicate":{"custom_model_data":13},"model":"item/50/13"},
		{"predicate":{"custom_model_data":14},"model":"item/50/14"},
		{"predicate":{"custom_model_data":15},"model":"item/50/15"},
		{"predicate":{"custom_model_data":16},"model":"item/50/16"},
		{"predicate":{"custom_model_data":17},"model":"item/50/17"},
		{"predicate":{"custom_model_data":18},"model":"item/50/18"},
		{"predicate":{"custom_model_data":19},"model":"item/50/19"},
		{"predicate":{"custom_model_data":20},"model":"item/50/20"},
		{"predicate":{"custom_model_data":21},"model":"item/50/21"},
		{"predicate":{"custom_model_data":22},"model":"item/50/22"},
		{"predicate":{"custom_model_data":23},"model":"item/50/23"},
		{"predicate":{"custom_model_data":26},"model":"item/50/26"},
		{"predicate":{"custom_model_data":30},"model":"item/50/30"},
		{"predicate":{"custom_model_data":31},"model":"item/50/31"},
		{"predicate":{"custom_model_data":32},"model":"item/50/32"},
		{"predicate":{"custom_model_data":33},"model":"item/50/33"},
		{"predicate":{"custom_model_data":34},"model":"item/50/34"},
		{"predicate":{"custom_model_data":35},"model":"item/50/35"},
		{"predicate":{"custom_model_data":36},"model":"item/50/36"},
		{"predicate":{"custom_model_data":37},"model":"item/50/37"},
		{"predicate":{"custom_model_data":38},"model":"item/50/38"},
		{"predicate":{"custom_model_data":39},"model":"item/50/39"},
		{"predicate":{"custom_model_data":40},"model":"item/50/40"},
		{"predicate":{"custom_model_data":41},"model":"item/50/41"},
		{"predicate":{"custom_model_data":42},"model":"item/50/42"},
		{"predicate":{"custom_model_data":43},"model":"item/50/43"},	
		{"predicate":{"custom_model_data":50},"model":"item/50/50"}
	]
}
