{
    "parent": "item/handheld",
    "textures": {
        "layer0": "item/iron_chestplate"
    },
	"overrides" :[
		{"predicate":{"custom_model_data":1},"model":"item/7/1"},
		{"predicate":{"custom_model_data":2},"model":"item/7/2"},
		{"predicate":{"custom_model_data":3},"model":"item/7/3"},
		{"predicate":{"custom_model_data":4},"model":"item/7/4"},
		{"predicate":{"custom_model_data":5},"model":"item/7/5"},
		{"predicate":{"custom_model_data":30},"model":"item/7/30"},
		{"predicate":{"custom_model_data":50},"model":"item/7/50"}	
	]
}
