{
    "parent": "item/handheld",
    "textures": {
        "layer0": "item/iron_leggings"
    },
	"overrides" :[
		{"predicate":{"custom_model_data":1},"model":"item/8/1"},
		{"predicate":{"custom_model_data":2},"model":"item/8/2"},
		{"predicate":{"custom_model_data":3},"model":"item/8/3"},
		{"predicate":{"custom_model_data":4},"model":"item/8/4"},
		{"predicate":{"custom_model_data":5},"model":"item/8/5"},
		{"predicate":{"custom_model_data":30},"model":"item/8/30"},
		{"predicate":{"custom_model_data":50},"model":"item/8/50"}
	]
}
