{
    "parent": "item/handheld",
    "textures": {
        "layer0": "item/wooden_hoe"
    },
	"overrides" :[
		{"predicate":{"custom_model_data":1},"model":"item/2/1"},
		{"predicate":{"custom_model_data":2},"model":"item/5/2"},
		{"predicate":{"custom_model_data":3},"model":"item/iron_hoe"},
		{"predicate":{"custom_model_data":4},"model":"item/golden_hoe"},
		{"predicate":{"custom_model_data":5},"model":"item/diamond_hoe"},
		{"predicate":{"custom_model_data":6},"model":"item/emerald_hoe"}
	]
}
